-- Customers
INSERT INTO Customers (customer_id, name, email, city, created_at) VALUES (1, 'Patricia Grimes', 'user1@example.com', 'Hyderabad', '2025-01-11');
INSERT INTO Customers (customer_id, name, email, city, created_at) VALUES (2, 'Melissa Mccoy', 'user2@example.com', 'Hyderabad', '2023-06-03');
INSERT INTO Customers (customer_id, name, email, city, created_at) VALUES (3, 'Patricia Lee', 'user3@example.com', 'Bangalore', '2024-11-27');
INSERT INTO Customers (customer_id, name, email, city, created_at) VALUES (4, 'Patrick Perez', 'user4@example.com', 'Hyderabad', '2024-10-12');
INSERT INTO Customers (customer_id, name, email, city, created_at) VALUES (5, 'Craig Bishop', 'user5@example.com', 'Kolkata', '2024-07-21');
INSERT INTO Customers (customer_id, name, email, city, created_at) VALUES (6, 'Benjamin Jones', 'user6@example.com', 'Mumbai', '2025-05-18');
INSERT INTO Customers (customer_id, name, email, city, created_at) VALUES (7, 'Ronnie Green', 'user7@example.com', 'Chennai', '2025-04-12');
INSERT INTO Customers (customer_id, name, email, city, created_at) VALUES (8, 'Dale Manning', 'user8@example.com', 'Bangalore', '2024-12-14');
INSERT INTO Customers (customer_id, name, email, city, created_at) VALUES (9, 'Lisa Gordon', 'user9@example.com', 'Hyderabad', '2024-07-07');
INSERT INTO Customers (customer_id, name, email, city, created_at) VALUES (10, 'Joshua Hayes', 'user10@example.com', 'Pune', '2023-12-11');
INSERT INTO Customers (customer_id, name, email, city, created_at) VALUES (11, 'Nicole Dean', 'user11@example.com', 'Delhi', '2024-08-07');
INSERT INTO Customers (customer_id, name, email, city, created_at) VALUES (12, 'Robert Reese', 'user12@example.com', 'Pune', '2024-05-01');
INSERT INTO Customers (customer_id, name, email, city, created_at) VALUES (13, 'Thomas Jackson', 'user13@example.com', 'Ahmedabad', '2023-06-15');
INSERT INTO Customers (customer_id, name, email, city, created_at) VALUES (14, 'Jeffrey Cox', 'user14@example.com', 'Kolkata', '2025-01-31');
INSERT INTO Customers (customer_id, name, email, city, created_at) VALUES (15, 'Joseph Vasquez', 'user15@example.com', 'Ahmedabad', '2025-05-25');
INSERT INTO Customers (customer_id, name, email, city, created_at) VALUES (16, 'William Nichols', 'user16@example.com', 'Kolkata', '2024-09-24');
INSERT INTO Customers (customer_id, name, email, city, created_at) VALUES (17, 'Bethany Davis', 'user17@example.com', 'Chennai', '2023-07-03');
INSERT INTO Customers (customer_id, name, email, city, created_at) VALUES (18, 'Danielle Davenport', 'user18@example.com', 'Mumbai', '2025-05-14');
INSERT INTO Customers (customer_id, name, email, city, created_at) VALUES (19, 'Christie Wallace', 'user19@example.com', 'Kolkata', '2025-01-03');
INSERT INTO Customers (customer_id, name, email, city, created_at) VALUES (20, 'Andrea Crawford', 'user20@example.com', 'Delhi', '2024-05-06');
INSERT INTO Customers (customer_id, name, email, city, created_at) VALUES (21, 'Scott Barrett', 'user21@example.com', 'Bangalore', '2024-10-01');
INSERT INTO Customers (customer_id, name, email, city, created_at) VALUES (22, 'Cynthia Payne', 'user22@example.com', 'Mumbai', '2023-11-30');
INSERT INTO Customers (customer_id, name, email, city, created_at) VALUES (23, 'Lisa Torres', 'user23@example.com', 'Ahmedabad', '2024-01-02');
INSERT INTO Customers (customer_id, name, email, city, created_at) VALUES (24, 'James Alvarez', 'user24@example.com', 'Bangalore', '2023-10-03');
INSERT INTO Customers (customer_id, name, email, city, created_at) VALUES (25, 'Eric Perry', 'user25@example.com', 'Ahmedabad', '2025-05-28');
INSERT INTO Customers (customer_id, name, email, city, created_at) VALUES (26, 'Traci Morgan', 'user26@example.com', 'Ahmedabad', '2024-12-23');
INSERT INTO Customers (customer_id, name, email, city, created_at) VALUES (27, 'Casey Valdez', 'user27@example.com', 'Delhi', '2023-09-06');
INSERT INTO Customers (customer_id, name, email, city, created_at) VALUES (28, 'Brittany Mckinney', 'user28@example.com', 'Delhi', '2023-08-09');
INSERT INTO Customers (customer_id, name, email, city, created_at) VALUES (29, 'Amy Coleman', 'user29@example.com', 'Kolkata', '2024-12-12');
INSERT INTO Customers (customer_id, name, email, city, created_at) VALUES (30, 'Brandon Lopez', 'user30@example.com', 'Kolkata', '2023-12-05');
INSERT INTO Customers (customer_id, name, email, city, created_at) VALUES (31, 'Dean Torres', 'user31@example.com', 'Mumbai', '2024-04-09');
INSERT INTO Customers (customer_id, name, email, city, created_at) VALUES (32, 'Paul Martinez', 'user32@example.com', 'Ahmedabad', '2024-03-28');
INSERT INTO Customers (customer_id, name, email, city, created_at) VALUES (33, 'Jennifer Simpson', 'user33@example.com', 'Mumbai', '2025-05-31');
INSERT INTO Customers (customer_id, name, email, city, created_at) VALUES (34, 'Holly Norris', 'user34@example.com', 'Hyderabad', '2023-10-18');
INSERT INTO Customers (customer_id, name, email, city, created_at) VALUES (35, 'Jeffrey Ross', 'user35@example.com', 'Mumbai', '2024-03-28');
INSERT INTO Customers (customer_id, name, email, city, created_at) VALUES (36, 'Leslie Barker', 'user36@example.com', 'Hyderabad', '2025-05-17');
INSERT INTO Customers (customer_id, name, email, city, created_at) VALUES (37, 'John Sheppard', 'user37@example.com', 'Pune', '2024-01-31');
INSERT INTO Customers (customer_id, name, email, city, created_at) VALUES (38, 'David Price', 'user38@example.com', 'Pune', '2024-12-05');
INSERT INTO Customers (customer_id, name, email, city, created_at) VALUES (39, 'Christopher Brennan', 'user39@example.com', 'Hyderabad', '2025-03-26');
INSERT INTO Customers (customer_id, name, email, city, created_at) VALUES (40, 'Nichole Mercado', 'user40@example.com', 'Pune', '2024-09-10');
INSERT INTO Customers (customer_id, name, email, city, created_at) VALUES (41, 'Margaret Perez', 'user41@example.com', 'Delhi', '2025-03-10');
INSERT INTO Customers (customer_id, name, email, city, created_at) VALUES (42, 'Stephanie Porter', 'user42@example.com', 'Ahmedabad', '2025-04-27');
INSERT INTO Customers (customer_id, name, email, city, created_at) VALUES (43, 'Jason West', 'user43@example.com', 'Bangalore', '2023-11-30');
INSERT INTO Customers (customer_id, name, email, city, created_at) VALUES (44, 'Crystal Olson', 'user44@example.com', 'Hyderabad', '2025-05-29');
INSERT INTO Customers (customer_id, name, email, city, created_at) VALUES (45, 'Laura Butler', 'user45@example.com', 'Kolkata', '2024-08-12');
INSERT INTO Customers (customer_id, name, email, city, created_at) VALUES (46, 'Kelly Humphrey', 'user46@example.com', 'Chennai', '2024-04-21');
INSERT INTO Customers (customer_id, name, email, city, created_at) VALUES (47, 'Jennifer Garcia', 'user47@example.com', 'Pune', '2025-04-13');
INSERT INTO Customers (customer_id, name, email, city, created_at) VALUES (48, 'Chelsea Owens', 'user48@example.com', 'Pune', '2023-09-30');
INSERT INTO Customers (customer_id, name, email, city, created_at) VALUES (49, 'Michael Wade', 'user49@example.com', 'Mumbai', '2025-03-01');
INSERT INTO Customers (customer_id, name, email, city, created_at) VALUES (50, 'Danielle Delgado', 'user50@example.com', 'Ahmedabad', '2025-05-21');
INSERT INTO Customers (customer_id, name, email, city, created_at) VALUES (51, 'John Harvey', 'user51@example.com', 'Ahmedabad', '2024-04-03');
INSERT INTO Customers (customer_id, name, email, city, created_at) VALUES (52, 'Mary Smith', 'user52@example.com', 'Pune', '2025-03-05');
INSERT INTO Customers (customer_id, name, email, city, created_at) VALUES (53, 'Kari Bowen', 'user53@example.com', 'Delhi', '2024-10-18');
INSERT INTO Customers (customer_id, name, email, city, created_at) VALUES (54, 'Erin Gutierrez', 'user54@example.com', 'Kolkata', '2025-05-02');
INSERT INTO Customers (customer_id, name, email, city, created_at) VALUES (55, 'Mary Riddle', 'user55@example.com', 'Bangalore', '2024-07-20');
INSERT INTO Customers (customer_id, name, email, city, created_at) VALUES (56, 'Kevin Brown', 'user56@example.com', 'Pune', '2023-11-13');
INSERT INTO Customers (customer_id, name, email, city, created_at) VALUES (57, 'Joseph Green', 'user57@example.com', 'Hyderabad', '2025-03-17');
INSERT INTO Customers (customer_id, name, email, city, created_at) VALUES (58, 'Brenda Brown', 'user58@example.com', 'Bangalore', '2023-06-30');
INSERT INTO Customers (customer_id, name, email, city, created_at) VALUES (59, 'Trevor Cunningham', 'user59@example.com', 'Hyderabad', '2024-01-02');
INSERT INTO Customers (customer_id, name, email, city, created_at) VALUES (60, 'Charles Smith', 'user60@example.com', 'Ahmedabad', '2024-05-25');
INSERT INTO Customers (customer_id, name, email, city, created_at) VALUES (61, 'Christopher Jones', 'user61@example.com', 'Bangalore', '2024-02-01');
INSERT INTO Customers (customer_id, name, email, city, created_at) VALUES (62, 'Joshua Moore', 'user62@example.com', 'Delhi', '2023-10-01');
INSERT INTO Customers (customer_id, name, email, city, created_at) VALUES (63, 'Lisa Lucas', 'user63@example.com', 'Kolkata', '2024-10-04');
INSERT INTO Customers (customer_id, name, email, city, created_at) VALUES (64, 'Robin Taylor', 'user64@example.com', 'Pune', '2025-01-11');
INSERT INTO Customers (customer_id, name, email, city, created_at) VALUES (65, 'Alex Dennis', 'user65@example.com', 'Hyderabad', '2024-03-25');
INSERT INTO Customers (customer_id, name, email, city, created_at) VALUES (66, 'Nathan Haley', 'user66@example.com', 'Pune', '2025-05-24');
INSERT INTO Customers (customer_id, name, email, city, created_at) VALUES (67, 'Jennifer Curry', 'user67@example.com', 'Ahmedabad', '2024-04-01');
INSERT INTO Customers (customer_id, name, email, city, created_at) VALUES (68, 'Anthony Rodriguez', 'user68@example.com', 'Delhi', '2023-08-26');
INSERT INTO Customers (customer_id, name, email, city, created_at) VALUES (69, 'Shannon Hunter', 'user69@example.com', 'Ahmedabad', '2023-12-22');
INSERT INTO Customers (customer_id, name, email, city, created_at) VALUES (70, 'Emily Smith', 'user70@example.com', 'Mumbai', '2023-12-29');
INSERT INTO Customers (customer_id, name, email, city, created_at) VALUES (71, 'April Miles', 'user71@example.com', 'Kolkata', '2024-04-07');
INSERT INTO Customers (customer_id, name, email, city, created_at) VALUES (72, 'Frank Stevens', 'user72@example.com', 'Hyderabad', '2024-03-09');
INSERT INTO Customers (customer_id, name, email, city, created_at) VALUES (73, 'Mr. Douglas Cook', 'user73@example.com', 'Delhi', '2024-06-02');
INSERT INTO Customers (customer_id, name, email, city, created_at) VALUES (74, 'Michael Cole', 'user74@example.com', 'Delhi', '2025-02-11');
INSERT INTO Customers (customer_id, name, email, city, created_at) VALUES (75, 'Ray Gonzalez', 'user75@example.com', 'Mumbai', '2023-09-09');
INSERT INTO Customers (customer_id, name, email, city, created_at) VALUES (76, 'Michael Cochran', 'user76@example.com', 'Delhi', '2024-02-11');
INSERT INTO Customers (customer_id, name, email, city, created_at) VALUES (77, 'Dylan Williams MD', 'user77@example.com', 'Delhi', '2024-04-26');
INSERT INTO Customers (customer_id, name, email, city, created_at) VALUES (78, 'Veronica Reynolds', 'user78@example.com', 'Delhi', '2024-01-30');
INSERT INTO Customers (customer_id, name, email, city, created_at) VALUES (79, 'Nancy Berry', 'user79@example.com', 'Delhi', '2023-07-28');
INSERT INTO Customers (customer_id, name, email, city, created_at) VALUES (80, 'Jesus Rogers', 'user80@example.com', 'Ahmedabad', '2024-01-31');
INSERT INTO Customers (customer_id, name, email, city, created_at) VALUES (81, 'Ethan Hughes', 'user81@example.com', 'Mumbai', '2024-01-26');
INSERT INTO Customers (customer_id, name, email, city, created_at) VALUES (82, 'Peter Pittman', 'user82@example.com', 'Chennai', '2024-06-01');
INSERT INTO Customers (customer_id, name, email, city, created_at) VALUES (83, 'William Green', 'user83@example.com', 'Hyderabad', '2024-11-30');
INSERT INTO Customers (customer_id, name, email, city, created_at) VALUES (84, 'Daniel Ellis', 'user84@example.com', 'Mumbai', '2024-11-13');
INSERT INTO Customers (customer_id, name, email, city, created_at) VALUES (85, 'Lisa Crane', 'user85@example.com', 'Delhi', '2024-10-14');
INSERT INTO Customers (customer_id, name, email, city, created_at) VALUES (86, 'Micheal Thomas', 'user86@example.com', 'Kolkata', '2023-12-11');
INSERT INTO Customers (customer_id, name, email, city, created_at) VALUES (87, 'Rachel Miller', 'user87@example.com', 'Kolkata', '2024-08-10');
INSERT INTO Customers (customer_id, name, email, city, created_at) VALUES (88, 'Cole Gibson', 'user88@example.com', 'Pune', '2023-10-09');
INSERT INTO Customers (customer_id, name, email, city, created_at) VALUES (89, 'Shelby Miller', 'user89@example.com', 'Chennai', '2023-10-11');
INSERT INTO Customers (customer_id, name, email, city, created_at) VALUES (90, 'Calvin Franklin', 'user90@example.com', 'Kolkata', '2025-01-24');
INSERT INTO Customers (customer_id, name, email, city, created_at) VALUES (91, 'Charles White', 'user91@example.com', 'Mumbai', '2023-07-16');
INSERT INTO Customers (customer_id, name, email, city, created_at) VALUES (92, 'Dan Castillo', 'user92@example.com', 'Mumbai', '2024-05-07');
INSERT INTO Customers (customer_id, name, email, city, created_at) VALUES (93, 'Gina Rodriguez', 'user93@example.com', 'Chennai', '2023-07-22');
INSERT INTO Customers (customer_id, name, email, city, created_at) VALUES (94, 'Tracy Jennings', 'user94@example.com', 'Kolkata', '2023-10-04');
INSERT INTO Customers (customer_id, name, email, city, created_at) VALUES (95, 'Charles Griffin', 'user95@example.com', 'Pune', '2025-04-24');
INSERT INTO Customers (customer_id, name, email, city, created_at) VALUES (96, 'Sandra Ward', 'user96@example.com', 'Ahmedabad', '2024-03-12');
INSERT INTO Customers (customer_id, name, email, city, created_at) VALUES (97, 'William Horne', 'user97@example.com', 'Delhi', '2025-02-27');
INSERT INTO Customers (customer_id, name, email, city, created_at) VALUES (98, 'Antonio Herrera', 'user98@example.com', 'Kolkata', '2025-01-03');
INSERT INTO Customers (customer_id, name, email, city, created_at) VALUES (99, 'Johnny Gonzalez', 'user99@example.com', 'Kolkata', '2023-09-30');
INSERT INTO Customers (customer_id, name, email, city, created_at) VALUES (100, 'Lisa Clay', 'user100@example.com', 'Pune', '2025-05-22');

-- Products
INSERT INTO Products (product_id, product_name, category, price, in_stock) VALUES (1, 'Rule Shoes', 'Books', 2095.97, 32);
INSERT INTO Products (product_id, product_name, category, price, in_stock) VALUES (2, 'Next Bag', 'Home', 1327.16, 39);
INSERT INTO Products (product_id, product_name, category, price, in_stock) VALUES (3, 'Management Watch', 'Electronics', 3694.92, 92);
INSERT INTO Products (product_id, product_name, category, price, in_stock) VALUES (4, 'Fire Phone', 'Beauty', 4222.05, 8);
INSERT INTO Products (product_id, product_name, category, price, in_stock) VALUES (5, 'Such Book', 'Beauty', 3744.46, 81);
INSERT INTO Products (product_id, product_name, category, price, in_stock) VALUES (6, 'Continue Book', 'Toys', 3717.06, 50);
INSERT INTO Products (product_id, product_name, category, price, in_stock) VALUES (7, 'Population Bag', 'Books', 1031.96, 12);
INSERT INTO Products (product_id, product_name, category, price, in_stock) VALUES (8, 'I Book', 'Sports', 2348.41, 35);
INSERT INTO Products (product_id, product_name, category, price, in_stock) VALUES (9, 'Yeah Phone', 'Home', 267.45, 61);
INSERT INTO Products (product_id, product_name, category, price, in_stock) VALUES (10, 'Everybody Phone', 'Sports', 4028.73, 51);
INSERT INTO Products (product_id, product_name, category, price, in_stock) VALUES (11, 'Parent Bag', 'Electronics', 4454.98, 38);
INSERT INTO Products (product_id, product_name, category, price, in_stock) VALUES (12, 'Sea Watch', 'Sports', 4906.9, 41);
INSERT INTO Products (product_id, product_name, category, price, in_stock) VALUES (13, 'Fight Bag', 'Electronics', 4065.45, 25);
INSERT INTO Products (product_id, product_name, category, price, in_stock) VALUES (14, 'Another Shoes', 'Home', 2063.39, 71);
INSERT INTO Products (product_id, product_name, category, price, in_stock) VALUES (15, 'Ok Shoes', 'Home', 2947.57, 18);
INSERT INTO Products (product_id, product_name, category, price, in_stock) VALUES (16, 'Argue Book', 'Home', 1235.95, 31);
INSERT INTO Products (product_id, product_name, category, price, in_stock) VALUES (17, 'Card Book', 'Home', 2738.41, 33);
INSERT INTO Products (product_id, product_name, category, price, in_stock) VALUES (18, 'Walk Book', 'Beauty', 4916.42, 72);
INSERT INTO Products (product_id, product_name, category, price, in_stock) VALUES (19, 'More Watch', 'Toys', 1707.02, 36);
INSERT INTO Products (product_id, product_name, category, price, in_stock) VALUES (20, 'Series Watch', 'Beauty', 680.78, 59);
INSERT INTO Products (product_id, product_name, category, price, in_stock) VALUES (21, 'Explain Phone', 'Home', 4876.17, 38);
INSERT INTO Products (product_id, product_name, category, price, in_stock) VALUES (22, 'Against Phone', 'Books', 4886.6, 45);
INSERT INTO Products (product_id, product_name, category, price, in_stock) VALUES (23, 'Police Bag', 'Toys', 4215.92, 11);
INSERT INTO Products (product_id, product_name, category, price, in_stock) VALUES (24, 'Detail Shoes', 'Toys', 3188.36, 20);
INSERT INTO Products (product_id, product_name, category, price, in_stock) VALUES (25, 'Political Book', 'Clothing', 2809.68, 41);
INSERT INTO Products (product_id, product_name, category, price, in_stock) VALUES (26, 'Nice Shoes', 'Books', 1592.52, 76);
INSERT INTO Products (product_id, product_name, category, price, in_stock) VALUES (27, 'Door Watch', 'Beauty', 2823.88, 50);
INSERT INTO Products (product_id, product_name, category, price, in_stock) VALUES (28, 'None Book', 'Electronics', 3452.9, 45);
INSERT INTO Products (product_id, product_name, category, price, in_stock) VALUES (29, 'Special Phone', 'Sports', 1681.75, 56);
INSERT INTO Products (product_id, product_name, category, price, in_stock) VALUES (30, 'Success Watch', 'Sports', 2699.58, 74);
INSERT INTO Products (product_id, product_name, category, price, in_stock) VALUES (31, 'Bar Watch', 'Clothing', 751.9, 48);
INSERT INTO Products (product_id, product_name, category, price, in_stock) VALUES (32, 'Watch Book', 'Sports', 229.28, 92);
INSERT INTO Products (product_id, product_name, category, price, in_stock) VALUES (33, 'Country Phone', 'Clothing', 2666.22, 67);
INSERT INTO Products (product_id, product_name, category, price, in_stock) VALUES (34, 'Month Phone', 'Toys', 376.33, 84);
INSERT INTO Products (product_id, product_name, category, price, in_stock) VALUES (35, 'Admit Shoes', 'Books', 4674.3, 93);
INSERT INTO Products (product_id, product_name, category, price, in_stock) VALUES (36, 'Training Shoes', 'Electronics', 2781.89, 27);
INSERT INTO Products (product_id, product_name, category, price, in_stock) VALUES (37, 'True Watch', 'Sports', 1559.37, 8);
INSERT INTO Products (product_id, product_name, category, price, in_stock) VALUES (38, 'Research Watch', 'Home', 2180.54, 69);
INSERT INTO Products (product_id, product_name, category, price, in_stock) VALUES (39, 'Thank Book', 'Clothing', 2147.87, 49);
INSERT INTO Products (product_id, product_name, category, price, in_stock) VALUES (40, 'Whose Bag', 'Sports', 4956.77, 85);
INSERT INTO Products (product_id, product_name, category, price, in_stock) VALUES (41, 'Member Watch', 'Toys', 2517.03, 82);
INSERT INTO Products (product_id, product_name, category, price, in_stock) VALUES (42, 'Alone Bag', 'Electronics', 4005.6, 41);
INSERT INTO Products (product_id, product_name, category, price, in_stock) VALUES (43, 'Sport Watch', 'Electronics', 900.02, 87);
INSERT INTO Products (product_id, product_name, category, price, in_stock) VALUES (44, 'Fund Bag', 'Home', 884.58, 42);
INSERT INTO Products (product_id, product_name, category, price, in_stock) VALUES (45, 'Stage Book', 'Electronics', 2844.98, 27);
INSERT INTO Products (product_id, product_name, category, price, in_stock) VALUES (46, 'Argue Bag', 'Beauty', 2317.4, 85);
INSERT INTO Products (product_id, product_name, category, price, in_stock) VALUES (47, 'Necessary Bag', 'Toys', 3451.28, 78);
INSERT INTO Products (product_id, product_name, category, price, in_stock) VALUES (48, 'Instead Phone', 'Beauty', 3621.47, 13);
INSERT INTO Products (product_id, product_name, category, price, in_stock) VALUES (49, 'Maintain Book', 'Beauty', 2933.58, 69);
INSERT INTO Products (product_id, product_name, category, price, in_stock) VALUES (50, 'Professional Bag', 'Toys', 1889.79, 24);

-- Orders
INSERT INTO Orders (order_id, customer_id, order_date, total_amount) VALUES (1, 96, '2024-07-27', 20220.17);
INSERT INTO Orders (order_id, customer_id, order_date, total_amount) VALUES (2, 16, '2024-11-16', 13853.53);
INSERT INTO Orders (order_id, customer_id, order_date, total_amount) VALUES (3, 18, '2025-03-25', 26771.51);
INSERT INTO Orders (order_id, customer_id, order_date, total_amount) VALUES (4, 76, '2025-02-27', 16787.96);
INSERT INTO Orders (order_id, customer_id, order_date, total_amount) VALUES (5, 22, '2024-09-21', 8802.11);
INSERT INTO Orders (order_id, customer_id, order_date, total_amount) VALUES (6, 75, '2024-11-07', 16107.12);
INSERT INTO Orders (order_id, customer_id, order_date, total_amount) VALUES (7, 65, '2025-01-09', 2499.62);
INSERT INTO Orders (order_id, customer_id, order_date, total_amount) VALUES (8, 16, '2024-11-22', 8473.28);
INSERT INTO Orders (order_id, customer_id, order_date, total_amount) VALUES (9, 94, '2024-08-06', 16910.31);
INSERT INTO Orders (order_id, customer_id, order_date, total_amount) VALUES (10, 12, '2024-12-28', 3932.22);
INSERT INTO Orders (order_id, customer_id, order_date, total_amount) VALUES (11, 19, '2025-02-27', 4585.32);
INSERT INTO Orders (order_id, customer_id, order_date, total_amount) VALUES (12, 74, '2024-07-11', 905.69);
INSERT INTO Orders (order_id, customer_id, order_date, total_amount) VALUES (13, 44, '2025-01-11', 9307.55);
INSERT INTO Orders (order_id, customer_id, order_date, total_amount) VALUES (14, 92, '2025-04-27', 1016.65);
INSERT INTO Orders (order_id, customer_id, order_date, total_amount) VALUES (15, 33, '2025-04-20', 4025.98);
INSERT INTO Orders (order_id, customer_id, order_date, total_amount) VALUES (16, 59, '2025-04-04', 9892.41);
INSERT INTO Orders (order_id, customer_id, order_date, total_amount) VALUES (17, 40, '2024-10-19', 15143.81);
INSERT INTO Orders (order_id, customer_id, order_date, total_amount) VALUES (18, 61, '2025-01-05', 997.56);
INSERT INTO Orders (order_id, customer_id, order_date, total_amount) VALUES (19, 12, '2025-02-02', 19438.54);
INSERT INTO Orders (order_id, customer_id, order_date, total_amount) VALUES (20, 65, '2025-01-22', 24782.71);
INSERT INTO Orders (order_id, customer_id, order_date, total_amount) VALUES (21, 84, '2024-07-25', 19403.0);
INSERT INTO Orders (order_id, customer_id, order_date, total_amount) VALUES (22, 85, '2024-09-23', 2973.4);
INSERT INTO Orders (order_id, customer_id, order_date, total_amount) VALUES (23, 46, '2025-03-10', 2781.41);
INSERT INTO Orders (order_id, customer_id, order_date, total_amount) VALUES (24, 11, '2025-03-31', 19801.43);
INSERT INTO Orders (order_id, customer_id, order_date, total_amount) VALUES (25, 8, '2025-02-13', 2986.85);
INSERT INTO Orders (order_id, customer_id, order_date, total_amount) VALUES (26, 18, '2025-01-06', 20277.96);
INSERT INTO Orders (order_id, customer_id, order_date, total_amount) VALUES (27, 40, '2025-01-29', 2299.74);
INSERT INTO Orders (order_id, customer_id, order_date, total_amount) VALUES (28, 11, '2024-10-24', 14152.21);
INSERT INTO Orders (order_id, customer_id, order_date, total_amount) VALUES (29, 54, '2025-04-17', 13468.09);
INSERT INTO Orders (order_id, customer_id, order_date, total_amount) VALUES (30, 3, '2024-08-23', 8206.01);
INSERT INTO Orders (order_id, customer_id, order_date, total_amount) VALUES (31, 25, '2024-09-29', 1356.9);
INSERT INTO Orders (order_id, customer_id, order_date, total_amount) VALUES (32, 15, '2024-09-22', 10368.29);
INSERT INTO Orders (order_id, customer_id, order_date, total_amount) VALUES (33, 4, '2025-04-05', 2981.2);
INSERT INTO Orders (order_id, customer_id, order_date, total_amount) VALUES (34, 58, '2025-06-01', 7513.03);
INSERT INTO Orders (order_id, customer_id, order_date, total_amount) VALUES (35, 25, '2024-06-12', 22984.33);
INSERT INTO Orders (order_id, customer_id, order_date, total_amount) VALUES (36, 34, '2024-10-17', 7776.4);
INSERT INTO Orders (order_id, customer_id, order_date, total_amount) VALUES (37, 75, '2024-07-12', 3322.66);
INSERT INTO Orders (order_id, customer_id, order_date, total_amount) VALUES (38, 98, '2024-06-02', 16323.99);
INSERT INTO Orders (order_id, customer_id, order_date, total_amount) VALUES (39, 3, '2025-05-30', 36815.06);
INSERT INTO Orders (order_id, customer_id, order_date, total_amount) VALUES (40, 10, '2024-10-27', 17496.66);
INSERT INTO Orders (order_id, customer_id, order_date, total_amount) VALUES (41, 37, '2024-11-18', 6573.72);
INSERT INTO Orders (order_id, customer_id, order_date, total_amount) VALUES (42, 100, '2024-09-18', 15436.83);
INSERT INTO Orders (order_id, customer_id, order_date, total_amount) VALUES (43, 29, '2024-07-16', 10299.99);
INSERT INTO Orders (order_id, customer_id, order_date, total_amount) VALUES (44, 41, '2024-08-19', 14091.33);
INSERT INTO Orders (order_id, customer_id, order_date, total_amount) VALUES (45, 31, '2025-02-16', 8945.01);
INSERT INTO Orders (order_id, customer_id, order_date, total_amount) VALUES (46, 45, '2024-08-01', 16060.96);
INSERT INTO Orders (order_id, customer_id, order_date, total_amount) VALUES (47, 61, '2025-04-15', 5123.82);
INSERT INTO Orders (order_id, customer_id, order_date, total_amount) VALUES (48, 23, '2024-10-22', 10162.32);
INSERT INTO Orders (order_id, customer_id, order_date, total_amount) VALUES (49, 94, '2024-07-07', 9928.35);
INSERT INTO Orders (order_id, customer_id, order_date, total_amount) VALUES (50, 2, '2024-11-24', 8224.08);
INSERT INTO Orders (order_id, customer_id, order_date, total_amount) VALUES (51, 16, '2025-01-23', 26569.8);
INSERT INTO Orders (order_id, customer_id, order_date, total_amount) VALUES (52, 33, '2025-05-27', 24823.69);
INSERT INTO Orders (order_id, customer_id, order_date, total_amount) VALUES (53, 21, '2025-04-23', 15906.09);
INSERT INTO Orders (order_id, customer_id, order_date, total_amount) VALUES (54, 96, '2025-05-14', 27338.61);
INSERT INTO Orders (order_id, customer_id, order_date, total_amount) VALUES (55, 46, '2024-09-16', 23952.76);
INSERT INTO Orders (order_id, customer_id, order_date, total_amount) VALUES (56, 57, '2025-03-27', 16905.72);
INSERT INTO Orders (order_id, customer_id, order_date, total_amount) VALUES (57, 68, '2024-06-07', 31927.78);
INSERT INTO Orders (order_id, customer_id, order_date, total_amount) VALUES (58, 10, '2025-01-18', 5044.92);
INSERT INTO Orders (order_id, customer_id, order_date, total_amount) VALUES (59, 40, '2024-10-06', 33657.22);
INSERT INTO Orders (order_id, customer_id, order_date, total_amount) VALUES (60, 77, '2024-10-03', 8206.86);
INSERT INTO Orders (order_id, customer_id, order_date, total_amount) VALUES (61, 13, '2025-03-13', 15001.03);
INSERT INTO Orders (order_id, customer_id, order_date, total_amount) VALUES (62, 64, '2024-07-24', 8403.33);
INSERT INTO Orders (order_id, customer_id, order_date, total_amount) VALUES (63, 71, '2025-01-19', 35643.64);
INSERT INTO Orders (order_id, customer_id, order_date, total_amount) VALUES (64, 63, '2024-09-14', 1594.44);
INSERT INTO Orders (order_id, customer_id, order_date, total_amount) VALUES (65, 19, '2024-06-25', 23343.21);
INSERT INTO Orders (order_id, customer_id, order_date, total_amount) VALUES (66, 49, '2025-04-13', 21487.81);
INSERT INTO Orders (order_id, customer_id, order_date, total_amount) VALUES (67, 43, '2025-04-15', 29272.63);
INSERT INTO Orders (order_id, customer_id, order_date, total_amount) VALUES (68, 60, '2025-04-28', 13739.3);
INSERT INTO Orders (order_id, customer_id, order_date, total_amount) VALUES (69, 34, '2025-01-09', 13100.22);
INSERT INTO Orders (order_id, customer_id, order_date, total_amount) VALUES (70, 72, '2024-08-29', 18325.91);
INSERT INTO Orders (order_id, customer_id, order_date, total_amount) VALUES (71, 65, '2025-02-13', 28252.46);
INSERT INTO Orders (order_id, customer_id, order_date, total_amount) VALUES (72, 21, '2024-12-11', 1649.26);
INSERT INTO Orders (order_id, customer_id, order_date, total_amount) VALUES (73, 57, '2024-10-18', 4756.32);
INSERT INTO Orders (order_id, customer_id, order_date, total_amount) VALUES (74, 100, '2024-10-30', 7448.0);
INSERT INTO Orders (order_id, customer_id, order_date, total_amount) VALUES (75, 41, '2025-03-29', 18964.18);
INSERT INTO Orders (order_id, customer_id, order_date, total_amount) VALUES (76, 92, '2024-06-11', 12998.76);
INSERT INTO Orders (order_id, customer_id, order_date, total_amount) VALUES (77, 7, '2025-03-09', 23101.65);
INSERT INTO Orders (order_id, customer_id, order_date, total_amount) VALUES (78, 35, '2024-11-29', 15243.91);
INSERT INTO Orders (order_id, customer_id, order_date, total_amount) VALUES (79, 34, '2024-10-03', 17692.81);
INSERT INTO Orders (order_id, customer_id, order_date, total_amount) VALUES (80, 1, '2025-04-10', 4203.11);
INSERT INTO Orders (order_id, customer_id, order_date, total_amount) VALUES (81, 31, '2024-06-23', 7545.63);
INSERT INTO Orders (order_id, customer_id, order_date, total_amount) VALUES (82, 21, '2025-05-26', 6397.23);
INSERT INTO Orders (order_id, customer_id, order_date, total_amount) VALUES (83, 62, '2025-04-18', 8796.6);
INSERT INTO Orders (order_id, customer_id, order_date, total_amount) VALUES (84, 76, '2024-07-16', 1352.31);
INSERT INTO Orders (order_id, customer_id, order_date, total_amount) VALUES (85, 29, '2024-10-31', 1362.24);
INSERT INTO Orders (order_id, customer_id, order_date, total_amount) VALUES (86, 85, '2024-10-08', 2795.74);
INSERT INTO Orders (order_id, customer_id, order_date, total_amount) VALUES (87, 22, '2025-05-03', 10236.96);
INSERT INTO Orders (order_id, customer_id, order_date, total_amount) VALUES (88, 55, '2025-01-08', 12386.12);
INSERT INTO Orders (order_id, customer_id, order_date, total_amount) VALUES (89, 29, '2024-09-11', 21222.32);
INSERT INTO Orders (order_id, customer_id, order_date, total_amount) VALUES (90, 93, '2024-11-10', 7014.05);
INSERT INTO Orders (order_id, customer_id, order_date, total_amount) VALUES (91, 54, '2025-04-18', 10330.52);
INSERT INTO Orders (order_id, customer_id, order_date, total_amount) VALUES (92, 47, '2024-10-24', 40875.94);
INSERT INTO Orders (order_id, customer_id, order_date, total_amount) VALUES (93, 38, '2024-10-17', 5645.18);
INSERT INTO Orders (order_id, customer_id, order_date, total_amount) VALUES (94, 63, '2025-05-02', 23378.38);
INSERT INTO Orders (order_id, customer_id, order_date, total_amount) VALUES (95, 41, '2024-11-19', 25265.72);
INSERT INTO Orders (order_id, customer_id, order_date, total_amount) VALUES (96, 13, '2025-05-02', 19921.74);
INSERT INTO Orders (order_id, customer_id, order_date, total_amount) VALUES (97, 71, '2025-05-04', 15511.39);
INSERT INTO Orders (order_id, customer_id, order_date, total_amount) VALUES (98, 82, '2025-04-14', 20746.57);
INSERT INTO Orders (order_id, customer_id, order_date, total_amount) VALUES (99, 14, '2025-05-10', 12755.66);
INSERT INTO Orders (order_id, customer_id, order_date, total_amount) VALUES (100, 41, '2025-02-17', 4151.41);
INSERT INTO Orders (order_id, customer_id, order_date, total_amount) VALUES (101, 56, '2025-05-28', 19709.02);
INSERT INTO Orders (order_id, customer_id, order_date, total_amount) VALUES (102, 26, '2024-08-12', 12100.12);
INSERT INTO Orders (order_id, customer_id, order_date, total_amount) VALUES (103, 31, '2024-09-14', 7650.48);
INSERT INTO Orders (order_id, customer_id, order_date, total_amount) VALUES (104, 76, '2025-04-13', 15595.76);
INSERT INTO Orders (order_id, customer_id, order_date, total_amount) VALUES (105, 44, '2024-07-14', 19054.88);
INSERT INTO Orders (order_id, customer_id, order_date, total_amount) VALUES (106, 79, '2024-12-03', 20876.6);
INSERT INTO Orders (order_id, customer_id, order_date, total_amount) VALUES (107, 6, '2024-07-17', 18354.05);
INSERT INTO Orders (order_id, customer_id, order_date, total_amount) VALUES (108, 60, '2025-01-04', 7132.28);
INSERT INTO Orders (order_id, customer_id, order_date, total_amount) VALUES (109, 98, '2025-03-13', 11880.26);
INSERT INTO Orders (order_id, customer_id, order_date, total_amount) VALUES (110, 8, '2025-03-07', 19786.48);
INSERT INTO Orders (order_id, customer_id, order_date, total_amount) VALUES (111, 63, '2024-10-27', 4238.17);
INSERT INTO Orders (order_id, customer_id, order_date, total_amount) VALUES (112, 23, '2024-07-02', 8571.66);
INSERT INTO Orders (order_id, customer_id, order_date, total_amount) VALUES (113, 97, '2024-11-09', 20901.55);
INSERT INTO Orders (order_id, customer_id, order_date, total_amount) VALUES (114, 22, '2024-07-07', 17344.74);
INSERT INTO Orders (order_id, customer_id, order_date, total_amount) VALUES (115, 93, '2025-04-16', 35376.12);
INSERT INTO Orders (order_id, customer_id, order_date, total_amount) VALUES (116, 64, '2024-09-22', 16339.72);
INSERT INTO Orders (order_id, customer_id, order_date, total_amount) VALUES (117, 30, '2024-07-09', 17098.45);
INSERT INTO Orders (order_id, customer_id, order_date, total_amount) VALUES (118, 62, '2024-09-29', 14938.34);
INSERT INTO Orders (order_id, customer_id, order_date, total_amount) VALUES (119, 10, '2025-03-21', 6270.5);
INSERT INTO Orders (order_id, customer_id, order_date, total_amount) VALUES (120, 92, '2025-02-19', 17276.17);
INSERT INTO Orders (order_id, customer_id, order_date, total_amount) VALUES (121, 9, '2024-10-30', 19313.55);
INSERT INTO Orders (order_id, customer_id, order_date, total_amount) VALUES (122, 58, '2025-04-22', 19035.9);
INSERT INTO Orders (order_id, customer_id, order_date, total_amount) VALUES (123, 30, '2025-05-18', 25839.99);
INSERT INTO Orders (order_id, customer_id, order_date, total_amount) VALUES (124, 41, '2024-07-27', 1768.66);
INSERT INTO Orders (order_id, customer_id, order_date, total_amount) VALUES (125, 52, '2024-11-28', 8199.71);
INSERT INTO Orders (order_id, customer_id, order_date, total_amount) VALUES (126, 94, '2025-01-16', 40155.57);
INSERT INTO Orders (order_id, customer_id, order_date, total_amount) VALUES (127, 45, '2025-05-02', 27002.89);
INSERT INTO Orders (order_id, customer_id, order_date, total_amount) VALUES (128, 99, '2025-02-26', 10002.4);
INSERT INTO Orders (order_id, customer_id, order_date, total_amount) VALUES (129, 4, '2024-07-12', 10928.87);
INSERT INTO Orders (order_id, customer_id, order_date, total_amount) VALUES (130, 88, '2024-07-31', 28098.64);
INSERT INTO Orders (order_id, customer_id, order_date, total_amount) VALUES (131, 11, '2024-06-07', 19499.42);
INSERT INTO Orders (order_id, customer_id, order_date, total_amount) VALUES (132, 30, '2025-03-20', 15423.85);
INSERT INTO Orders (order_id, customer_id, order_date, total_amount) VALUES (133, 22, '2025-01-06', 13924.02);
INSERT INTO Orders (order_id, customer_id, order_date, total_amount) VALUES (134, 35, '2024-08-05', 21927.97);
INSERT INTO Orders (order_id, customer_id, order_date, total_amount) VALUES (135, 81, '2024-06-29', 1919.26);
INSERT INTO Orders (order_id, customer_id, order_date, total_amount) VALUES (136, 30, '2024-11-06', 13013.73);
INSERT INTO Orders (order_id, customer_id, order_date, total_amount) VALUES (137, 33, '2024-10-15', 4271.84);
INSERT INTO Orders (order_id, customer_id, order_date, total_amount) VALUES (138, 80, '2024-12-09', 26363.56);
INSERT INTO Orders (order_id, customer_id, order_date, total_amount) VALUES (139, 29, '2025-04-16', 22325.07);
INSERT INTO Orders (order_id, customer_id, order_date, total_amount) VALUES (140, 41, '2025-05-22', 8839.79);
INSERT INTO Orders (order_id, customer_id, order_date, total_amount) VALUES (141, 31, '2024-09-16', 5232.35);
INSERT INTO Orders (order_id, customer_id, order_date, total_amount) VALUES (142, 66, '2025-02-02', 25190.64);
INSERT INTO Orders (order_id, customer_id, order_date, total_amount) VALUES (143, 54, '2024-08-29', 30372.41);
INSERT INTO Orders (order_id, customer_id, order_date, total_amount) VALUES (144, 81, '2025-03-15', 19530.37);
INSERT INTO Orders (order_id, customer_id, order_date, total_amount) VALUES (145, 35, '2024-06-15', 7571.67);
INSERT INTO Orders (order_id, customer_id, order_date, total_amount) VALUES (146, 37, '2024-12-20', 19756.2);
INSERT INTO Orders (order_id, customer_id, order_date, total_amount) VALUES (147, 19, '2024-08-07', 11338.14);
INSERT INTO Orders (order_id, customer_id, order_date, total_amount) VALUES (148, 18, '2024-11-10', 18432.05);
INSERT INTO Orders (order_id, customer_id, order_date, total_amount) VALUES (149, 48, '2025-05-10', 41124.65);
INSERT INTO Orders (order_id, customer_id, order_date, total_amount) VALUES (150, 82, '2024-08-24', 10359.05);
INSERT INTO Orders (order_id, customer_id, order_date, total_amount) VALUES (151, 49, '2025-03-28', 14570.4);
INSERT INTO Orders (order_id, customer_id, order_date, total_amount) VALUES (152, 1, '2024-09-08', 12888.77);
INSERT INTO Orders (order_id, customer_id, order_date, total_amount) VALUES (153, 72, '2025-01-09', 22557.62);
INSERT INTO Orders (order_id, customer_id, order_date, total_amount) VALUES (154, 85, '2024-09-06', 2911.36);
INSERT INTO Orders (order_id, customer_id, order_date, total_amount) VALUES (155, 96, '2025-03-30', 24738.23);
INSERT INTO Orders (order_id, customer_id, order_date, total_amount) VALUES (156, 65, '2024-11-12', 17193.2);
INSERT INTO Orders (order_id, customer_id, order_date, total_amount) VALUES (157, 54, '2024-07-20', 2471.72);
INSERT INTO Orders (order_id, customer_id, order_date, total_amount) VALUES (158, 60, '2024-11-14', 6475.92);
INSERT INTO Orders (order_id, customer_id, order_date, total_amount) VALUES (159, 4, '2024-12-28', 19880.02);
INSERT INTO Orders (order_id, customer_id, order_date, total_amount) VALUES (160, 46, '2024-12-07', 10079.35);
INSERT INTO Orders (order_id, customer_id, order_date, total_amount) VALUES (161, 53, '2025-04-27', 13052.63);
INSERT INTO Orders (order_id, customer_id, order_date, total_amount) VALUES (162, 29, '2024-12-04', 28710.51);
INSERT INTO Orders (order_id, customer_id, order_date, total_amount) VALUES (163, 62, '2025-04-10', 7385.62);
INSERT INTO Orders (order_id, customer_id, order_date, total_amount) VALUES (164, 48, '2025-04-25', 36416.19);
INSERT INTO Orders (order_id, customer_id, order_date, total_amount) VALUES (165, 99, '2024-08-28', 23898.62);
INSERT INTO Orders (order_id, customer_id, order_date, total_amount) VALUES (166, 35, '2024-09-28', 10298.93);
INSERT INTO Orders (order_id, customer_id, order_date, total_amount) VALUES (167, 12, '2025-05-26', 13283.51);
INSERT INTO Orders (order_id, customer_id, order_date, total_amount) VALUES (168, 75, '2024-06-22', 17167.1);
INSERT INTO Orders (order_id, customer_id, order_date, total_amount) VALUES (169, 19, '2024-09-28', 1156.92);
INSERT INTO Orders (order_id, customer_id, order_date, total_amount) VALUES (170, 39, '2025-02-14', 8075.76);
INSERT INTO Orders (order_id, customer_id, order_date, total_amount) VALUES (171, 13, '2025-03-09', 6202.2);
INSERT INTO Orders (order_id, customer_id, order_date, total_amount) VALUES (172, 82, '2024-10-24', 18810.65);
INSERT INTO Orders (order_id, customer_id, order_date, total_amount) VALUES (173, 67, '2025-01-21', 4130.7);
INSERT INTO Orders (order_id, customer_id, order_date, total_amount) VALUES (174, 4, '2024-07-12', 3053.41);
INSERT INTO Orders (order_id, customer_id, order_date, total_amount) VALUES (175, 8, '2025-01-04', 2173.49);
INSERT INTO Orders (order_id, customer_id, order_date, total_amount) VALUES (176, 98, '2024-11-21', 7004.91);
INSERT INTO Orders (order_id, customer_id, order_date, total_amount) VALUES (177, 20, '2025-02-21', 20119.07);
INSERT INTO Orders (order_id, customer_id, order_date, total_amount) VALUES (178, 8, '2025-04-17', 25463.0);
INSERT INTO Orders (order_id, customer_id, order_date, total_amount) VALUES (179, 87, '2024-09-04', 20755.74);
INSERT INTO Orders (order_id, customer_id, order_date, total_amount) VALUES (180, 49, '2024-10-16', 42207.43);
INSERT INTO Orders (order_id, customer_id, order_date, total_amount) VALUES (181, 99, '2024-09-01', 32929.36);
INSERT INTO Orders (order_id, customer_id, order_date, total_amount) VALUES (182, 63, '2024-10-01', 12066.0);
INSERT INTO Orders (order_id, customer_id, order_date, total_amount) VALUES (183, 66, '2025-01-14', 37448.8);
INSERT INTO Orders (order_id, customer_id, order_date, total_amount) VALUES (184, 77, '2024-12-26', 3298.68);
INSERT INTO Orders (order_id, customer_id, order_date, total_amount) VALUES (185, 75, '2025-06-02', 1804.74);
INSERT INTO Orders (order_id, customer_id, order_date, total_amount) VALUES (186, 79, '2024-06-08', 1984.42);
INSERT INTO Orders (order_id, customer_id, order_date, total_amount) VALUES (187, 45, '2025-05-09', 16833.57);
INSERT INTO Orders (order_id, customer_id, order_date, total_amount) VALUES (188, 44, '2025-02-24', 34032.53);
INSERT INTO Orders (order_id, customer_id, order_date, total_amount) VALUES (189, 62, '2024-08-13', 9000.68);
INSERT INTO Orders (order_id, customer_id, order_date, total_amount) VALUES (190, 12, '2025-05-06', 18197.88);
INSERT INTO Orders (order_id, customer_id, order_date, total_amount) VALUES (191, 22, '2025-05-13', 5521.6);
INSERT INTO Orders (order_id, customer_id, order_date, total_amount) VALUES (192, 56, '2024-06-16', 30706.64);
INSERT INTO Orders (order_id, customer_id, order_date, total_amount) VALUES (193, 83, '2024-11-11', 21959.51);
INSERT INTO Orders (order_id, customer_id, order_date, total_amount) VALUES (194, 65, '2024-07-31', 15918.44);
INSERT INTO Orders (order_id, customer_id, order_date, total_amount) VALUES (195, 68, '2025-02-22', 8591.58);
INSERT INTO Orders (order_id, customer_id, order_date, total_amount) VALUES (196, 8, '2024-12-05', 12040.62);
INSERT INTO Orders (order_id, customer_id, order_date, total_amount) VALUES (197, 84, '2024-08-16', 8425.51);
INSERT INTO Orders (order_id, customer_id, order_date, total_amount) VALUES (198, 51, '2025-05-07', 15373.38);
INSERT INTO Orders (order_id, customer_id, order_date, total_amount) VALUES (199, 8, '2025-05-22', 9706.58);
INSERT INTO Orders (order_id, customer_id, order_date, total_amount) VALUES (200, 39, '2024-06-04', 31024.66);

-- Order_Items
INSERT INTO Order_Items (item_id, order_id, product_id, quantity, unit_price) VALUES (1, 1, 49, 3, 794.71);
INSERT INTO Order_Items (item_id, order_id, product_id, quantity, unit_price) VALUES (2, 1, 5, 3, 4194.84);
INSERT INTO Order_Items (item_id, order_id, product_id, quantity, unit_price) VALUES (3, 1, 14, 2, 2141.25);
INSERT INTO Order_Items (item_id, order_id, product_id, quantity, unit_price) VALUES (4, 1, 29, 2, 484.51);
INSERT INTO Order_Items (item_id, order_id, product_id, quantity, unit_price) VALUES (5, 2, 17, 2, 1894.37);
INSERT INTO Order_Items (item_id, order_id, product_id, quantity, unit_price) VALUES (6, 2, 31, 3, 178.9);
INSERT INTO Order_Items (item_id, order_id, product_id, quantity, unit_price) VALUES (7, 2, 5, 3, 3176.03);
INSERT INTO Order_Items (item_id, order_id, product_id, quantity, unit_price) VALUES (8, 3, 27, 2, 2242.4);
INSERT INTO Order_Items (item_id, order_id, product_id, quantity, unit_price) VALUES (9, 3, 8, 3, 297.25);
INSERT INTO Order_Items (item_id, order_id, product_id, quantity, unit_price) VALUES (10, 3, 44, 1, 4018.31);
INSERT INTO Order_Items (item_id, order_id, product_id, quantity, unit_price) VALUES (11, 3, 4, 3, 4194.02);
INSERT INTO Order_Items (item_id, order_id, product_id, quantity, unit_price) VALUES (12, 3, 27, 1, 4794.59);
INSERT INTO Order_Items (item_id, order_id, product_id, quantity, unit_price) VALUES (13, 4, 41, 3, 4940.14);
INSERT INTO Order_Items (item_id, order_id, product_id, quantity, unit_price) VALUES (14, 4, 29, 1, 1017.75);
INSERT INTO Order_Items (item_id, order_id, product_id, quantity, unit_price) VALUES (15, 4, 11, 1, 949.79);
INSERT INTO Order_Items (item_id, order_id, product_id, quantity, unit_price) VALUES (16, 5, 2, 3, 1036.31);
INSERT INTO Order_Items (item_id, order_id, product_id, quantity, unit_price) VALUES (17, 5, 3, 1, 3648.94);
INSERT INTO Order_Items (item_id, order_id, product_id, quantity, unit_price) VALUES (18, 5, 19, 3, 105.96);
INSERT INTO Order_Items (item_id, order_id, product_id, quantity, unit_price) VALUES (19, 5, 29, 2, 863.18);
INSERT INTO Order_Items (item_id, order_id, product_id, quantity, unit_price) VALUES (20, 6, 38, 2, 1521.39);
INSERT INTO Order_Items (item_id, order_id, product_id, quantity, unit_price) VALUES (21, 6, 17, 3, 4354.78);
INSERT INTO Order_Items (item_id, order_id, product_id, quantity, unit_price) VALUES (22, 7, 37, 2, 1249.81);
INSERT INTO Order_Items (item_id, order_id, product_id, quantity, unit_price) VALUES (23, 8, 11, 2, 4236.64);
INSERT INTO Order_Items (item_id, order_id, product_id, quantity, unit_price) VALUES (24, 9, 41, 3, 307.26);
INSERT INTO Order_Items (item_id, order_id, product_id, quantity, unit_price) VALUES (25, 9, 48, 3, 1342.53);
INSERT INTO Order_Items (item_id, order_id, product_id, quantity, unit_price) VALUES (26, 9, 8, 1, 4037.01);
INSERT INTO Order_Items (item_id, order_id, product_id, quantity, unit_price) VALUES (27, 9, 11, 3, 2641.31);
INSERT INTO Order_Items (item_id, order_id, product_id, quantity, unit_price) VALUES (28, 10, 42, 3, 1310.74);
INSERT INTO Order_Items (item_id, order_id, product_id, quantity, unit_price) VALUES (29, 11, 36, 1, 4585.32);
INSERT INTO Order_Items (item_id, order_id, product_id, quantity, unit_price) VALUES (30, 12, 47, 1, 905.69);
INSERT INTO Order_Items (item_id, order_id, product_id, quantity, unit_price) VALUES (31, 13, 50, 1, 4837.43);
INSERT INTO Order_Items (item_id, order_id, product_id, quantity, unit_price) VALUES (32, 13, 35, 2, 2235.06);
INSERT INTO Order_Items (item_id, order_id, product_id, quantity, unit_price) VALUES (33, 14, 39, 1, 244.06);
INSERT INTO Order_Items (item_id, order_id, product_id, quantity, unit_price) VALUES (34, 14, 45, 1, 772.59);
INSERT INTO Order_Items (item_id, order_id, product_id, quantity, unit_price) VALUES (35, 15, 13, 2, 2012.99);
INSERT INTO Order_Items (item_id, order_id, product_id, quantity, unit_price) VALUES (36, 16, 5, 1, 3525.42);
INSERT INTO Order_Items (item_id, order_id, product_id, quantity, unit_price) VALUES (37, 16, 19, 3, 2122.33);
INSERT INTO Order_Items (item_id, order_id, product_id, quantity, unit_price) VALUES (38, 17, 18, 1, 3734.62);
INSERT INTO Order_Items (item_id, order_id, product_id, quantity, unit_price) VALUES (39, 17, 8, 2, 4519.4);
INSERT INTO Order_Items (item_id, order_id, product_id, quantity, unit_price) VALUES (40, 17, 38, 1, 2370.39);
INSERT INTO Order_Items (item_id, order_id, product_id, quantity, unit_price) VALUES (41, 18, 43, 1, 997.56);
INSERT INTO Order_Items (item_id, order_id, product_id, quantity, unit_price) VALUES (42, 19, 8, 1, 4711.05);
INSERT INTO Order_Items (item_id, order_id, product_id, quantity, unit_price) VALUES (43, 19, 40, 1, 3367.15);
INSERT INTO Order_Items (item_id, order_id, product_id, quantity, unit_price) VALUES (44, 19, 32, 3, 2675.61);
INSERT INTO Order_Items (item_id, order_id, product_id, quantity, unit_price) VALUES (45, 19, 36, 1, 3333.51);
INSERT INTO Order_Items (item_id, order_id, product_id, quantity, unit_price) VALUES (46, 20, 28, 1, 4241.06);
INSERT INTO Order_Items (item_id, order_id, product_id, quantity, unit_price) VALUES (47, 20, 9, 2, 1814.43);
INSERT INTO Order_Items (item_id, order_id, product_id, quantity, unit_price) VALUES (48, 20, 4, 3, 1017.97);
INSERT INTO Order_Items (item_id, order_id, product_id, quantity, unit_price) VALUES (49, 20, 25, 2, 3407.83);
INSERT INTO Order_Items (item_id, order_id, product_id, quantity, unit_price) VALUES (50, 20, 5, 3, 2347.74);
INSERT INTO Order_Items (item_id, order_id, product_id, quantity, unit_price) VALUES (51, 21, 1, 1, 3621.33);
INSERT INTO Order_Items (item_id, order_id, product_id, quantity, unit_price) VALUES (52, 21, 27, 2, 1827.5);
INSERT INTO Order_Items (item_id, order_id, product_id, quantity, unit_price) VALUES (53, 21, 15, 3, 175.21);
INSERT INTO Order_Items (item_id, order_id, product_id, quantity, unit_price) VALUES (54, 21, 8, 2, 1744.96);
INSERT INTO Order_Items (item_id, order_id, product_id, quantity, unit_price) VALUES (55, 21, 28, 2, 4055.56);
INSERT INTO Order_Items (item_id, order_id, product_id, quantity, unit_price) VALUES (56, 22, 26, 2, 1038.54);
INSERT INTO Order_Items (item_id, order_id, product_id, quantity, unit_price) VALUES (57, 22, 45, 1, 896.32);
INSERT INTO Order_Items (item_id, order_id, product_id, quantity, unit_price) VALUES (58, 23, 44, 1, 2781.41);
INSERT INTO Order_Items (item_id, order_id, product_id, quantity, unit_price) VALUES (59, 24, 16, 2, 3598.98);
INSERT INTO Order_Items (item_id, order_id, product_id, quantity, unit_price) VALUES (60, 24, 44, 3, 3789.09);
INSERT INTO Order_Items (item_id, order_id, product_id, quantity, unit_price) VALUES (61, 24, 50, 1, 1236.2);
INSERT INTO Order_Items (item_id, order_id, product_id, quantity, unit_price) VALUES (62, 25, 10, 1, 2986.85);
INSERT INTO Order_Items (item_id, order_id, product_id, quantity, unit_price) VALUES (63, 26, 32, 2, 2113.97);
INSERT INTO Order_Items (item_id, order_id, product_id, quantity, unit_price) VALUES (64, 26, 41, 1, 1022.86);
INSERT INTO Order_Items (item_id, order_id, product_id, quantity, unit_price) VALUES (65, 26, 3, 3, 910.72);
INSERT INTO Order_Items (item_id, order_id, product_id, quantity, unit_price) VALUES (66, 26, 25, 2, 4644.74);
INSERT INTO Order_Items (item_id, order_id, product_id, quantity, unit_price) VALUES (67, 26, 4, 2, 1502.76);
INSERT INTO Order_Items (item_id, order_id, product_id, quantity, unit_price) VALUES (68, 27, 28, 2, 1149.87);
INSERT INTO Order_Items (item_id, order_id, product_id, quantity, unit_price) VALUES (69, 28, 49, 1, 3514.6);
INSERT INTO Order_Items (item_id, order_id, product_id, quantity, unit_price) VALUES (70, 28, 26, 3, 635.19);
INSERT INTO Order_Items (item_id, order_id, product_id, quantity, unit_price) VALUES (71, 28, 20, 3, 2910.68);
INSERT INTO Order_Items (item_id, order_id, product_id, quantity, unit_price) VALUES (72, 29, 14, 2, 2570.13);
INSERT INTO Order_Items (item_id, order_id, product_id, quantity, unit_price) VALUES (73, 29, 41, 3, 2226.57);
INSERT INTO Order_Items (item_id, order_id, product_id, quantity, unit_price) VALUES (74, 29, 9, 1, 1648.12);
INSERT INTO Order_Items (item_id, order_id, product_id, quantity, unit_price) VALUES (75, 30, 29, 1, 3596.8);
INSERT INTO Order_Items (item_id, order_id, product_id, quantity, unit_price) VALUES (76, 30, 12, 1, 3338.41);
INSERT INTO Order_Items (item_id, order_id, product_id, quantity, unit_price) VALUES (77, 30, 46, 2, 635.4);
INSERT INTO Order_Items (item_id, order_id, product_id, quantity, unit_price) VALUES (78, 31, 5, 1, 1356.9);
INSERT INTO Order_Items (item_id, order_id, product_id, quantity, unit_price) VALUES (79, 32, 28, 1, 1356.09);
INSERT INTO Order_Items (item_id, order_id, product_id, quantity, unit_price) VALUES (80, 32, 13, 2, 4506.1);
INSERT INTO Order_Items (item_id, order_id, product_id, quantity, unit_price) VALUES (81, 33, 45, 1, 2065.24);
INSERT INTO Order_Items (item_id, order_id, product_id, quantity, unit_price) VALUES (82, 33, 9, 1, 369.23);
INSERT INTO Order_Items (item_id, order_id, product_id, quantity, unit_price) VALUES (83, 33, 26, 1, 546.73);
INSERT INTO Order_Items (item_id, order_id, product_id, quantity, unit_price) VALUES (84, 34, 45, 1, 2959.93);
INSERT INTO Order_Items (item_id, order_id, product_id, quantity, unit_price) VALUES (85, 34, 40, 1, 4553.1);
INSERT INTO Order_Items (item_id, order_id, product_id, quantity, unit_price) VALUES (86, 35, 32, 3, 1093.76);
INSERT INTO Order_Items (item_id, order_id, product_id, quantity, unit_price) VALUES (87, 35, 36, 3, 2780.92);
INSERT INTO Order_Items (item_id, order_id, product_id, quantity, unit_price) VALUES (88, 35, 14, 1, 1779.85);
INSERT INTO Order_Items (item_id, order_id, product_id, quantity, unit_price) VALUES (89, 35, 47, 2, 2856.37);
INSERT INTO Order_Items (item_id, order_id, product_id, quantity, unit_price) VALUES (90, 35, 13, 1, 3867.7);
INSERT INTO Order_Items (item_id, order_id, product_id, quantity, unit_price) VALUES (91, 36, 1, 1, 4040.17);
INSERT INTO Order_Items (item_id, order_id, product_id, quantity, unit_price) VALUES (92, 36, 30, 1, 3736.23);
INSERT INTO Order_Items (item_id, order_id, product_id, quantity, unit_price) VALUES (93, 37, 23, 1, 3322.66);
INSERT INTO Order_Items (item_id, order_id, product_id, quantity, unit_price) VALUES (94, 38, 42, 2, 3365.37);
INSERT INTO Order_Items (item_id, order_id, product_id, quantity, unit_price) VALUES (95, 38, 20, 1, 4468.21);
INSERT INTO Order_Items (item_id, order_id, product_id, quantity, unit_price) VALUES (96, 38, 34, 2, 2562.52);
INSERT INTO Order_Items (item_id, order_id, product_id, quantity, unit_price) VALUES (97, 39, 26, 3, 2809.01);
INSERT INTO Order_Items (item_id, order_id, product_id, quantity, unit_price) VALUES (98, 39, 12, 2, 4927.03);
INSERT INTO Order_Items (item_id, order_id, product_id, quantity, unit_price) VALUES (99, 39, 33, 3, 2650.51);
INSERT INTO Order_Items (item_id, order_id, product_id, quantity, unit_price) VALUES (100, 39, 25, 3, 3527.48);
INSERT INTO Order_Items (item_id, order_id, product_id, quantity, unit_price) VALUES (101, 40, 4, 2, 2484.84);
INSERT INTO Order_Items (item_id, order_id, product_id, quantity, unit_price) VALUES (102, 40, 18, 1, 1756.42);
INSERT INTO Order_Items (item_id, order_id, product_id, quantity, unit_price) VALUES (103, 40, 3, 2, 4548.62);
INSERT INTO Order_Items (item_id, order_id, product_id, quantity, unit_price) VALUES (104, 40, 6, 1, 1673.32);
INSERT INTO Order_Items (item_id, order_id, product_id, quantity, unit_price) VALUES (105, 41, 47, 3, 2191.24);
INSERT INTO Order_Items (item_id, order_id, product_id, quantity, unit_price) VALUES (106, 42, 27, 2, 4166.93);
INSERT INTO Order_Items (item_id, order_id, product_id, quantity, unit_price) VALUES (107, 42, 1, 1, 2371.59);
INSERT INTO Order_Items (item_id, order_id, product_id, quantity, unit_price) VALUES (108, 42, 31, 3, 255.1);
INSERT INTO Order_Items (item_id, order_id, product_id, quantity, unit_price) VALUES (109, 42, 10, 2, 241.55);
INSERT INTO Order_Items (item_id, order_id, product_id, quantity, unit_price) VALUES (110, 42, 47, 1, 3482.98);
INSERT INTO Order_Items (item_id, order_id, product_id, quantity, unit_price) VALUES (111, 43, 27, 3, 537.6);
INSERT INTO Order_Items (item_id, order_id, product_id, quantity, unit_price) VALUES (112, 43, 38, 3, 2895.73);
INSERT INTO Order_Items (item_id, order_id, product_id, quantity, unit_price) VALUES (113, 44, 46, 3, 4697.11);
INSERT INTO Order_Items (item_id, order_id, product_id, quantity, unit_price) VALUES (114, 45, 42, 3, 2981.67);
INSERT INTO Order_Items (item_id, order_id, product_id, quantity, unit_price) VALUES (115, 46, 7, 2, 258.5);
INSERT INTO Order_Items (item_id, order_id, product_id, quantity, unit_price) VALUES (116, 46, 2, 1, 1853.13);
INSERT INTO Order_Items (item_id, order_id, product_id, quantity, unit_price) VALUES (117, 46, 33, 3, 4563.61);
INSERT INTO Order_Items (item_id, order_id, product_id, quantity, unit_price) VALUES (118, 47, 22, 3, 1707.94);
INSERT INTO Order_Items (item_id, order_id, product_id, quantity, unit_price) VALUES (119, 48, 37, 2, 3675.63);
INSERT INTO Order_Items (item_id, order_id, product_id, quantity, unit_price) VALUES (120, 48, 19, 3, 937.02);
INSERT INTO Order_Items (item_id, order_id, product_id, quantity, unit_price) VALUES (121, 49, 4, 3, 3309.45);
INSERT INTO Order_Items (item_id, order_id, product_id, quantity, unit_price) VALUES (122, 50, 40, 2, 697.49);
INSERT INTO Order_Items (item_id, order_id, product_id, quantity, unit_price) VALUES (123, 50, 43, 2, 1945.06);
INSERT INTO Order_Items (item_id, order_id, product_id, quantity, unit_price) VALUES (124, 50, 5, 2, 1469.49);
INSERT INTO Order_Items (item_id, order_id, product_id, quantity, unit_price) VALUES (125, 51, 35, 2, 3061.08);
INSERT INTO Order_Items (item_id, order_id, product_id, quantity, unit_price) VALUES (126, 51, 24, 2, 330.99);
INSERT INTO Order_Items (item_id, order_id, product_id, quantity, unit_price) VALUES (127, 51, 17, 3, 232.58);
INSERT INTO Order_Items (item_id, order_id, product_id, quantity, unit_price) VALUES (128, 51, 19, 3, 2201.88);
INSERT INTO Order_Items (item_id, order_id, product_id, quantity, unit_price) VALUES (129, 51, 3, 3, 4160.76);
INSERT INTO Order_Items (item_id, order_id, product_id, quantity, unit_price) VALUES (130, 52, 25, 3, 3061.98);
INSERT INTO Order_Items (item_id, order_id, product_id, quantity, unit_price) VALUES (131, 52, 1, 1, 609.98);
INSERT INTO Order_Items (item_id, order_id, product_id, quantity, unit_price) VALUES (132, 52, 10, 1, 4323.97);
INSERT INTO Order_Items (item_id, order_id, product_id, quantity, unit_price) VALUES (133, 52, 37, 2, 3263.25);
INSERT INTO Order_Items (item_id, order_id, product_id, quantity, unit_price) VALUES (134, 52, 10, 1, 4177.3);
INSERT INTO Order_Items (item_id, order_id, product_id, quantity, unit_price) VALUES (135, 53, 2, 2, 599.94);
INSERT INTO Order_Items (item_id, order_id, product_id, quantity, unit_price) VALUES (136, 53, 29, 3, 4902.07);
INSERT INTO Order_Items (item_id, order_id, product_id, quantity, unit_price) VALUES (137, 54, 40, 2, 1456.06);
INSERT INTO Order_Items (item_id, order_id, product_id, quantity, unit_price) VALUES (138, 54, 7, 3, 3883.84);
INSERT INTO Order_Items (item_id, order_id, product_id, quantity, unit_price) VALUES (139, 54, 14, 3, 1594.01);
INSERT INTO Order_Items (item_id, order_id, product_id, quantity, unit_price) VALUES (140, 54, 1, 2, 3996.47);
INSERT INTO Order_Items (item_id, order_id, product_id, quantity, unit_price) VALUES (141, 55, 4, 3, 1025.95);
INSERT INTO Order_Items (item_id, order_id, product_id, quantity, unit_price) VALUES (142, 55, 29, 1, 3601.99);
INSERT INTO Order_Items (item_id, order_id, product_id, quantity, unit_price) VALUES (143, 55, 32, 3, 303.18);
INSERT INTO Order_Items (item_id, order_id, product_id, quantity, unit_price) VALUES (144, 55, 27, 2, 4921.17);
INSERT INTO Order_Items (item_id, order_id, product_id, quantity, unit_price) VALUES (145, 55, 31, 2, 3260.52);
INSERT INTO Order_Items (item_id, order_id, product_id, quantity, unit_price) VALUES (146, 56, 21, 3, 385.84);
INSERT INTO Order_Items (item_id, order_id, product_id, quantity, unit_price) VALUES (147, 56, 40, 2, 3469.6);
INSERT INTO Order_Items (item_id, order_id, product_id, quantity, unit_price) VALUES (148, 56, 24, 1, 1348.69);
INSERT INTO Order_Items (item_id, order_id, product_id, quantity, unit_price) VALUES (149, 56, 27, 2, 1391.13);
INSERT INTO Order_Items (item_id, order_id, product_id, quantity, unit_price) VALUES (150, 56, 47, 1, 4678.05);
INSERT INTO Order_Items (item_id, order_id, product_id, quantity, unit_price) VALUES (151, 57, 27, 3, 2421.05);
INSERT INTO Order_Items (item_id, order_id, product_id, quantity, unit_price) VALUES (152, 57, 9, 2, 3560.34);
INSERT INTO Order_Items (item_id, order_id, product_id, quantity, unit_price) VALUES (153, 57, 30, 2, 4559.48);
INSERT INTO Order_Items (item_id, order_id, product_id, quantity, unit_price) VALUES (154, 57, 5, 3, 2808.33);
INSERT INTO Order_Items (item_id, order_id, product_id, quantity, unit_price) VALUES (155, 58, 50, 3, 1681.64);
INSERT INTO Order_Items (item_id, order_id, product_id, quantity, unit_price) VALUES (156, 59, 23, 2, 2573.61);
INSERT INTO Order_Items (item_id, order_id, product_id, quantity, unit_price) VALUES (157, 59, 24, 2, 4485.76);
INSERT INTO Order_Items (item_id, order_id, product_id, quantity, unit_price) VALUES (158, 59, 49, 2, 2872.52);
INSERT INTO Order_Items (item_id, order_id, product_id, quantity, unit_price) VALUES (159, 59, 11, 2, 3607.82);
INSERT INTO Order_Items (item_id, order_id, product_id, quantity, unit_price) VALUES (160, 59, 30, 3, 2192.6);
INSERT INTO Order_Items (item_id, order_id, product_id, quantity, unit_price) VALUES (161, 60, 46, 2, 4103.43);
INSERT INTO Order_Items (item_id, order_id, product_id, quantity, unit_price) VALUES (162, 61, 4, 2, 2354.03);
INSERT INTO Order_Items (item_id, order_id, product_id, quantity, unit_price) VALUES (163, 61, 15, 1, 3293.62);
INSERT INTO Order_Items (item_id, order_id, product_id, quantity, unit_price) VALUES (164, 61, 33, 1, 4165.88);
INSERT INTO Order_Items (item_id, order_id, product_id, quantity, unit_price) VALUES (165, 61, 37, 1, 632.37);
INSERT INTO Order_Items (item_id, order_id, product_id, quantity, unit_price) VALUES (166, 61, 42, 3, 733.7);
INSERT INTO Order_Items (item_id, order_id, product_id, quantity, unit_price) VALUES (167, 62, 21, 3, 2801.11);
INSERT INTO Order_Items (item_id, order_id, product_id, quantity, unit_price) VALUES (168, 63, 37, 2, 466.9);
INSERT INTO Order_Items (item_id, order_id, product_id, quantity, unit_price) VALUES (169, 63, 36, 3, 4949.64);
INSERT INTO Order_Items (item_id, order_id, product_id, quantity, unit_price) VALUES (170, 63, 33, 3, 1903.95);
INSERT INTO Order_Items (item_id, order_id, product_id, quantity, unit_price) VALUES (171, 63, 46, 2, 3267.73);
INSERT INTO Order_Items (item_id, order_id, product_id, quantity, unit_price) VALUES (172, 63, 26, 3, 2537.87);
INSERT INTO Order_Items (item_id, order_id, product_id, quantity, unit_price) VALUES (173, 64, 14, 2, 797.22);
INSERT INTO Order_Items (item_id, order_id, product_id, quantity, unit_price) VALUES (174, 65, 12, 3, 2600.16);
INSERT INTO Order_Items (item_id, order_id, product_id, quantity, unit_price) VALUES (175, 65, 4, 3, 4268.51);
INSERT INTO Order_Items (item_id, order_id, product_id, quantity, unit_price) VALUES (176, 65, 25, 2, 1368.6);
INSERT INTO Order_Items (item_id, order_id, product_id, quantity, unit_price) VALUES (177, 66, 20, 3, 1362.61);
INSERT INTO Order_Items (item_id, order_id, product_id, quantity, unit_price) VALUES (178, 66, 38, 1, 1429.48);
INSERT INTO Order_Items (item_id, order_id, product_id, quantity, unit_price) VALUES (179, 66, 37, 3, 4659.18);
INSERT INTO Order_Items (item_id, order_id, product_id, quantity, unit_price) VALUES (180, 66, 7, 1, 1847.5);
INSERT INTO Order_Items (item_id, order_id, product_id, quantity, unit_price) VALUES (181, 66, 35, 1, 145.46);
INSERT INTO Order_Items (item_id, order_id, product_id, quantity, unit_price) VALUES (182, 67, 45, 2, 4358.35);
INSERT INTO Order_Items (item_id, order_id, product_id, quantity, unit_price) VALUES (183, 67, 3, 2, 2141.99);
INSERT INTO Order_Items (item_id, order_id, product_id, quantity, unit_price) VALUES (184, 67, 8, 1, 3983.05);
INSERT INTO Order_Items (item_id, order_id, product_id, quantity, unit_price) VALUES (185, 67, 30, 3, 4096.3);
INSERT INTO Order_Items (item_id, order_id, product_id, quantity, unit_price) VALUES (186, 68, 10, 3, 1976.99);
INSERT INTO Order_Items (item_id, order_id, product_id, quantity, unit_price) VALUES (187, 68, 32, 3, 829.43);
INSERT INTO Order_Items (item_id, order_id, product_id, quantity, unit_price) VALUES (188, 68, 32, 3, 1691.39);
INSERT INTO Order_Items (item_id, order_id, product_id, quantity, unit_price) VALUES (189, 68, 5, 1, 245.87);
INSERT INTO Order_Items (item_id, order_id, product_id, quantity, unit_price) VALUES (190, 69, 32, 3, 4366.74);
INSERT INTO Order_Items (item_id, order_id, product_id, quantity, unit_price) VALUES (191, 70, 45, 2, 4254.18);
INSERT INTO Order_Items (item_id, order_id, product_id, quantity, unit_price) VALUES (192, 70, 4, 1, 4813.97);
INSERT INTO Order_Items (item_id, order_id, product_id, quantity, unit_price) VALUES (193, 70, 38, 3, 1257.94);
INSERT INTO Order_Items (item_id, order_id, product_id, quantity, unit_price) VALUES (194, 70, 6, 3, 409.92);
INSERT INTO Order_Items (item_id, order_id, product_id, quantity, unit_price) VALUES (195, 71, 13, 1, 2287.56);
INSERT INTO Order_Items (item_id, order_id, product_id, quantity, unit_price) VALUES (196, 71, 2, 1, 4368.18);
INSERT INTO Order_Items (item_id, order_id, product_id, quantity, unit_price) VALUES (197, 71, 2, 2, 2803.92);
INSERT INTO Order_Items (item_id, order_id, product_id, quantity, unit_price) VALUES (198, 71, 1, 2, 3778.18);
INSERT INTO Order_Items (item_id, order_id, product_id, quantity, unit_price) VALUES (199, 71, 26, 3, 2810.84);
INSERT INTO Order_Items (item_id, order_id, product_id, quantity, unit_price) VALUES (200, 72, 43, 1, 1649.26);
INSERT INTO Order_Items (item_id, order_id, product_id, quantity, unit_price) VALUES (201, 73, 50, 2, 2378.16);
INSERT INTO Order_Items (item_id, order_id, product_id, quantity, unit_price) VALUES (202, 74, 44, 1, 2919.98);
INSERT INTO Order_Items (item_id, order_id, product_id, quantity, unit_price) VALUES (203, 74, 40, 3, 1509.34);
INSERT INTO Order_Items (item_id, order_id, product_id, quantity, unit_price) VALUES (204, 75, 42, 1, 119.97);
INSERT INTO Order_Items (item_id, order_id, product_id, quantity, unit_price) VALUES (205, 75, 16, 3, 4685.41);
INSERT INTO Order_Items (item_id, order_id, product_id, quantity, unit_price) VALUES (206, 75, 35, 2, 2393.99);
INSERT INTO Order_Items (item_id, order_id, product_id, quantity, unit_price) VALUES (207, 76, 12, 1, 250.11);
INSERT INTO Order_Items (item_id, order_id, product_id, quantity, unit_price) VALUES (208, 76, 38, 1, 3173.72);
INSERT INTO Order_Items (item_id, order_id, product_id, quantity, unit_price) VALUES (209, 76, 12, 1, 1429.72);
INSERT INTO Order_Items (item_id, order_id, product_id, quantity, unit_price) VALUES (210, 76, 27, 3, 2715.07);
INSERT INTO Order_Items (item_id, order_id, product_id, quantity, unit_price) VALUES (211, 77, 46, 3, 480.96);
INSERT INTO Order_Items (item_id, order_id, product_id, quantity, unit_price) VALUES (212, 77, 33, 3, 3072.02);
INSERT INTO Order_Items (item_id, order_id, product_id, quantity, unit_price) VALUES (213, 77, 50, 3, 4147.57);
INSERT INTO Order_Items (item_id, order_id, product_id, quantity, unit_price) VALUES (214, 78, 18, 1, 3089.46);
INSERT INTO Order_Items (item_id, order_id, product_id, quantity, unit_price) VALUES (215, 78, 7, 1, 3077.07);
INSERT INTO Order_Items (item_id, order_id, product_id, quantity, unit_price) VALUES (216, 78, 42, 2, 3587.78);
INSERT INTO Order_Items (item_id, order_id, product_id, quantity, unit_price) VALUES (217, 78, 13, 2, 950.91);
INSERT INTO Order_Items (item_id, order_id, product_id, quantity, unit_price) VALUES (218, 79, 43, 3, 555.61);
INSERT INTO Order_Items (item_id, order_id, product_id, quantity, unit_price) VALUES (219, 79, 10, 2, 4541.19);
INSERT INTO Order_Items (item_id, order_id, product_id, quantity, unit_price) VALUES (220, 79, 5, 1, 1011.52);
INSERT INTO Order_Items (item_id, order_id, product_id, quantity, unit_price) VALUES (221, 79, 48, 3, 1977.36);
INSERT INTO Order_Items (item_id, order_id, product_id, quantity, unit_price) VALUES (222, 80, 43, 1, 4203.11);
INSERT INTO Order_Items (item_id, order_id, product_id, quantity, unit_price) VALUES (223, 81, 39, 3, 1093.47);
INSERT INTO Order_Items (item_id, order_id, product_id, quantity, unit_price) VALUES (224, 81, 23, 2, 2132.61);
INSERT INTO Order_Items (item_id, order_id, product_id, quantity, unit_price) VALUES (225, 82, 13, 3, 2132.41);
INSERT INTO Order_Items (item_id, order_id, product_id, quantity, unit_price) VALUES (226, 83, 2, 2, 3719.93);
INSERT INTO Order_Items (item_id, order_id, product_id, quantity, unit_price) VALUES (227, 83, 22, 2, 678.37);
INSERT INTO Order_Items (item_id, order_id, product_id, quantity, unit_price) VALUES (228, 84, 36, 1, 1352.31);
INSERT INTO Order_Items (item_id, order_id, product_id, quantity, unit_price) VALUES (229, 85, 35, 2, 681.12);
INSERT INTO Order_Items (item_id, order_id, product_id, quantity, unit_price) VALUES (230, 86, 14, 2, 1397.87);
INSERT INTO Order_Items (item_id, order_id, product_id, quantity, unit_price) VALUES (231, 87, 11, 3, 3412.32);
INSERT INTO Order_Items (item_id, order_id, product_id, quantity, unit_price) VALUES (232, 88, 32, 2, 1882.07);
INSERT INTO Order_Items (item_id, order_id, product_id, quantity, unit_price) VALUES (233, 88, 23, 3, 506.77);
INSERT INTO Order_Items (item_id, order_id, product_id, quantity, unit_price) VALUES (234, 88, 19, 1, 2458.86);
INSERT INTO Order_Items (item_id, order_id, product_id, quantity, unit_price) VALUES (235, 88, 50, 1, 1807.66);
INSERT INTO Order_Items (item_id, order_id, product_id, quantity, unit_price) VALUES (236, 88, 4, 3, 945.05);
INSERT INTO Order_Items (item_id, order_id, product_id, quantity, unit_price) VALUES (237, 89, 14, 2, 3422.17);
INSERT INTO Order_Items (item_id, order_id, product_id, quantity, unit_price) VALUES (238, 89, 10, 3, 2323.44);
INSERT INTO Order_Items (item_id, order_id, product_id, quantity, unit_price) VALUES (239, 89, 43, 2, 3703.83);
INSERT INTO Order_Items (item_id, order_id, product_id, quantity, unit_price) VALUES (240, 90, 46, 1, 4033.69);
INSERT INTO Order_Items (item_id, order_id, product_id, quantity, unit_price) VALUES (241, 90, 8, 2, 1490.18);
INSERT INTO Order_Items (item_id, order_id, product_id, quantity, unit_price) VALUES (242, 91, 36, 2, 4132.17);
INSERT INTO Order_Items (item_id, order_id, product_id, quantity, unit_price) VALUES (243, 91, 33, 2, 1033.09);
INSERT INTO Order_Items (item_id, order_id, product_id, quantity, unit_price) VALUES (244, 92, 48, 3, 4125.96);
INSERT INTO Order_Items (item_id, order_id, product_id, quantity, unit_price) VALUES (245, 92, 21, 3, 4742.8);
INSERT INTO Order_Items (item_id, order_id, product_id, quantity, unit_price) VALUES (246, 92, 37, 2, 2975.93);
INSERT INTO Order_Items (item_id, order_id, product_id, quantity, unit_price) VALUES (247, 92, 5, 3, 2772.6);
INSERT INTO Order_Items (item_id, order_id, product_id, quantity, unit_price) VALUES (248, 93, 29, 1, 2855.89);
INSERT INTO Order_Items (item_id, order_id, product_id, quantity, unit_price) VALUES (249, 93, 41, 1, 2789.29);
INSERT INTO Order_Items (item_id, order_id, product_id, quantity, unit_price) VALUES (250, 94, 40, 1, 3966.35);
INSERT INTO Order_Items (item_id, order_id, product_id, quantity, unit_price) VALUES (251, 94, 23, 2, 3803.76);
INSERT INTO Order_Items (item_id, order_id, product_id, quantity, unit_price) VALUES (252, 94, 34, 1, 3409.49);
INSERT INTO Order_Items (item_id, order_id, product_id, quantity, unit_price) VALUES (253, 94, 50, 2, 3428.73);
INSERT INTO Order_Items (item_id, order_id, product_id, quantity, unit_price) VALUES (254, 94, 5, 1, 1537.56);
INSERT INTO Order_Items (item_id, order_id, product_id, quantity, unit_price) VALUES (255, 95, 40, 1, 4327.43);
INSERT INTO Order_Items (item_id, order_id, product_id, quantity, unit_price) VALUES (256, 95, 44, 3, 4554.12);
INSERT INTO Order_Items (item_id, order_id, product_id, quantity, unit_price) VALUES (257, 95, 42, 3, 2425.31);
INSERT INTO Order_Items (item_id, order_id, product_id, quantity, unit_price) VALUES (258, 96, 33, 3, 3270.05);
INSERT INTO Order_Items (item_id, order_id, product_id, quantity, unit_price) VALUES (259, 96, 15, 1, 674.67);
INSERT INTO Order_Items (item_id, order_id, product_id, quantity, unit_price) VALUES (260, 96, 33, 2, 4718.46);
INSERT INTO Order_Items (item_id, order_id, product_id, quantity, unit_price) VALUES (261, 97, 48, 1, 3007.92);
INSERT INTO Order_Items (item_id, order_id, product_id, quantity, unit_price) VALUES (262, 97, 14, 3, 3718.56);
INSERT INTO Order_Items (item_id, order_id, product_id, quantity, unit_price) VALUES (263, 97, 6, 1, 1347.79);
INSERT INTO Order_Items (item_id, order_id, product_id, quantity, unit_price) VALUES (264, 98, 27, 2, 566.14);
INSERT INTO Order_Items (item_id, order_id, product_id, quantity, unit_price) VALUES (265, 98, 22, 3, 743.46);
INSERT INTO Order_Items (item_id, order_id, product_id, quantity, unit_price) VALUES (266, 98, 17, 3, 4393.06);
INSERT INTO Order_Items (item_id, order_id, product_id, quantity, unit_price) VALUES (267, 98, 27, 1, 4204.73);
INSERT INTO Order_Items (item_id, order_id, product_id, quantity, unit_price) VALUES (268, 99, 38, 2, 2666.73);
INSERT INTO Order_Items (item_id, order_id, product_id, quantity, unit_price) VALUES (269, 99, 18, 2, 3711.1);
INSERT INTO Order_Items (item_id, order_id, product_id, quantity, unit_price) VALUES (270, 100, 28, 1, 4151.41);
INSERT INTO Order_Items (item_id, order_id, product_id, quantity, unit_price) VALUES (271, 101, 6, 2, 4901.27);
INSERT INTO Order_Items (item_id, order_id, product_id, quantity, unit_price) VALUES (272, 101, 47, 2, 2516.6);
INSERT INTO Order_Items (item_id, order_id, product_id, quantity, unit_price) VALUES (273, 101, 38, 1, 4873.28);
INSERT INTO Order_Items (item_id, order_id, product_id, quantity, unit_price) VALUES (274, 102, 40, 2, 2418.39);
INSERT INTO Order_Items (item_id, order_id, product_id, quantity, unit_price) VALUES (275, 102, 36, 2, 3631.67);
INSERT INTO Order_Items (item_id, order_id, product_id, quantity, unit_price) VALUES (276, 103, 11, 2, 3825.24);
INSERT INTO Order_Items (item_id, order_id, product_id, quantity, unit_price) VALUES (277, 104, 46, 1, 796.58);
INSERT INTO Order_Items (item_id, order_id, product_id, quantity, unit_price) VALUES (278, 104, 30, 3, 4933.06);
INSERT INTO Order_Items (item_id, order_id, product_id, quantity, unit_price) VALUES (279, 105, 42, 1, 4262.07);
INSERT INTO Order_Items (item_id, order_id, product_id, quantity, unit_price) VALUES (280, 105, 48, 1, 536.48);
INSERT INTO Order_Items (item_id, order_id, product_id, quantity, unit_price) VALUES (281, 105, 6, 3, 4752.11);
INSERT INTO Order_Items (item_id, order_id, product_id, quantity, unit_price) VALUES (282, 106, 31, 3, 3142.9);
INSERT INTO Order_Items (item_id, order_id, product_id, quantity, unit_price) VALUES (283, 106, 31, 1, 3010.98);
INSERT INTO Order_Items (item_id, order_id, product_id, quantity, unit_price) VALUES (284, 106, 50, 1, 2493.86);
INSERT INTO Order_Items (item_id, order_id, product_id, quantity, unit_price) VALUES (285, 106, 36, 3, 1981.02);
INSERT INTO Order_Items (item_id, order_id, product_id, quantity, unit_price) VALUES (286, 107, 17, 2, 4800.55);
INSERT INTO Order_Items (item_id, order_id, product_id, quantity, unit_price) VALUES (287, 107, 49, 3, 2173.09);
INSERT INTO Order_Items (item_id, order_id, product_id, quantity, unit_price) VALUES (288, 107, 14, 1, 2233.68);
INSERT INTO Order_Items (item_id, order_id, product_id, quantity, unit_price) VALUES (289, 108, 44, 1, 4968.33);
INSERT INTO Order_Items (item_id, order_id, product_id, quantity, unit_price) VALUES (290, 108, 29, 1, 2163.95);
INSERT INTO Order_Items (item_id, order_id, product_id, quantity, unit_price) VALUES (291, 109, 23, 2, 1825.27);
INSERT INTO Order_Items (item_id, order_id, product_id, quantity, unit_price) VALUES (292, 109, 49, 3, 2743.24);
INSERT INTO Order_Items (item_id, order_id, product_id, quantity, unit_price) VALUES (293, 110, 43, 3, 2963.6);
INSERT INTO Order_Items (item_id, order_id, product_id, quantity, unit_price) VALUES (294, 110, 5, 3, 1361.18);
INSERT INTO Order_Items (item_id, order_id, product_id, quantity, unit_price) VALUES (295, 110, 30, 2, 3406.07);
INSERT INTO Order_Items (item_id, order_id, product_id, quantity, unit_price) VALUES (296, 111, 10, 1, 4238.17);
INSERT INTO Order_Items (item_id, order_id, product_id, quantity, unit_price) VALUES (297, 112, 2, 1, 226.94);
INSERT INTO Order_Items (item_id, order_id, product_id, quantity, unit_price) VALUES (298, 112, 37, 2, 4172.36);
INSERT INTO Order_Items (item_id, order_id, product_id, quantity, unit_price) VALUES (299, 113, 3, 1, 2581.05);
INSERT INTO Order_Items (item_id, order_id, product_id, quantity, unit_price) VALUES (300, 113, 7, 2, 3307.7);
INSERT INTO Order_Items (item_id, order_id, product_id, quantity, unit_price) VALUES (301, 113, 24, 2, 386.5);
INSERT INTO Order_Items (item_id, order_id, product_id, quantity, unit_price) VALUES (302, 113, 19, 3, 3414.11);
INSERT INTO Order_Items (item_id, order_id, product_id, quantity, unit_price) VALUES (303, 113, 37, 1, 689.77);
INSERT INTO Order_Items (item_id, order_id, product_id, quantity, unit_price) VALUES (304, 114, 24, 2, 210.21);
INSERT INTO Order_Items (item_id, order_id, product_id, quantity, unit_price) VALUES (305, 114, 29, 3, 1440.68);
INSERT INTO Order_Items (item_id, order_id, product_id, quantity, unit_price) VALUES (306, 114, 43, 3, 4200.76);
INSERT INTO Order_Items (item_id, order_id, product_id, quantity, unit_price) VALUES (307, 115, 49, 2, 1452.13);
INSERT INTO Order_Items (item_id, order_id, product_id, quantity, unit_price) VALUES (308, 115, 32, 3, 4980.14);
INSERT INTO Order_Items (item_id, order_id, product_id, quantity, unit_price) VALUES (309, 115, 23, 3, 4908.13);
INSERT INTO Order_Items (item_id, order_id, product_id, quantity, unit_price) VALUES (310, 115, 41, 1, 2807.05);
INSERT INTO Order_Items (item_id, order_id, product_id, quantity, unit_price) VALUES (311, 116, 22, 1, 411.28);
INSERT INTO Order_Items (item_id, order_id, product_id, quantity, unit_price) VALUES (312, 116, 38, 2, 3843.12);
INSERT INTO Order_Items (item_id, order_id, product_id, quantity, unit_price) VALUES (313, 116, 22, 3, 2747.4);
INSERT INTO Order_Items (item_id, order_id, product_id, quantity, unit_price) VALUES (314, 117, 20, 3, 2982.04);
INSERT INTO Order_Items (item_id, order_id, product_id, quantity, unit_price) VALUES (315, 117, 17, 2, 2371.1);
INSERT INTO Order_Items (item_id, order_id, product_id, quantity, unit_price) VALUES (316, 117, 37, 1, 3410.13);
INSERT INTO Order_Items (item_id, order_id, product_id, quantity, unit_price) VALUES (317, 118, 26, 1, 2325.14);
INSERT INTO Order_Items (item_id, order_id, product_id, quantity, unit_price) VALUES (318, 118, 36, 3, 4204.4);
INSERT INTO Order_Items (item_id, order_id, product_id, quantity, unit_price) VALUES (319, 119, 15, 1, 1628.45);
INSERT INTO Order_Items (item_id, order_id, product_id, quantity, unit_price) VALUES (320, 119, 36, 1, 4642.05);
INSERT INTO Order_Items (item_id, order_id, product_id, quantity, unit_price) VALUES (321, 120, 36, 1, 300.99);
INSERT INTO Order_Items (item_id, order_id, product_id, quantity, unit_price) VALUES (322, 120, 4, 1, 2467.93);
INSERT INTO Order_Items (item_id, order_id, product_id, quantity, unit_price) VALUES (323, 120, 34, 3, 4835.75);
INSERT INTO Order_Items (item_id, order_id, product_id, quantity, unit_price) VALUES (324, 121, 48, 2, 3781.82);
INSERT INTO Order_Items (item_id, order_id, product_id, quantity, unit_price) VALUES (325, 121, 22, 1, 1047.95);
INSERT INTO Order_Items (item_id, order_id, product_id, quantity, unit_price) VALUES (326, 121, 46, 3, 1789.82);
INSERT INTO Order_Items (item_id, order_id, product_id, quantity, unit_price) VALUES (327, 121, 39, 1, 4400.57);
INSERT INTO Order_Items (item_id, order_id, product_id, quantity, unit_price) VALUES (328, 121, 1, 1, 931.93);
INSERT INTO Order_Items (item_id, order_id, product_id, quantity, unit_price) VALUES (329, 122, 30, 3, 2536.69);
INSERT INTO Order_Items (item_id, order_id, product_id, quantity, unit_price) VALUES (330, 122, 9, 3, 3808.61);
INSERT INTO Order_Items (item_id, order_id, product_id, quantity, unit_price) VALUES (331, 123, 47, 2, 2908.55);
INSERT INTO Order_Items (item_id, order_id, product_id, quantity, unit_price) VALUES (332, 123, 46, 3, 1186.53);
INSERT INTO Order_Items (item_id, order_id, product_id, quantity, unit_price) VALUES (333, 123, 2, 3, 2526.21);
INSERT INTO Order_Items (item_id, order_id, product_id, quantity, unit_price) VALUES (334, 123, 50, 1, 558.85);
INSERT INTO Order_Items (item_id, order_id, product_id, quantity, unit_price) VALUES (335, 123, 45, 2, 4162.91);
INSERT INTO Order_Items (item_id, order_id, product_id, quantity, unit_price) VALUES (336, 124, 45, 2, 884.33);
INSERT INTO Order_Items (item_id, order_id, product_id, quantity, unit_price) VALUES (337, 125, 49, 2, 3016.11);
INSERT INTO Order_Items (item_id, order_id, product_id, quantity, unit_price) VALUES (338, 125, 22, 3, 551.48);
INSERT INTO Order_Items (item_id, order_id, product_id, quantity, unit_price) VALUES (339, 125, 23, 1, 513.05);
INSERT INTO Order_Items (item_id, order_id, product_id, quantity, unit_price) VALUES (340, 126, 40, 3, 3737.16);
INSERT INTO Order_Items (item_id, order_id, product_id, quantity, unit_price) VALUES (341, 126, 26, 1, 4559.83);
INSERT INTO Order_Items (item_id, order_id, product_id, quantity, unit_price) VALUES (342, 126, 33, 1, 3812.69);
INSERT INTO Order_Items (item_id, order_id, product_id, quantity, unit_price) VALUES (343, 126, 45, 3, 3550.07);
INSERT INTO Order_Items (item_id, order_id, product_id, quantity, unit_price) VALUES (344, 126, 10, 3, 3307.12);
INSERT INTO Order_Items (item_id, order_id, product_id, quantity, unit_price) VALUES (345, 127, 50, 2, 4103.65);
INSERT INTO Order_Items (item_id, order_id, product_id, quantity, unit_price) VALUES (346, 127, 45, 3, 4130.77);
INSERT INTO Order_Items (item_id, order_id, product_id, quantity, unit_price) VALUES (347, 127, 48, 1, 3446.6);
INSERT INTO Order_Items (item_id, order_id, product_id, quantity, unit_price) VALUES (348, 127, 27, 3, 985.56);
INSERT INTO Order_Items (item_id, order_id, product_id, quantity, unit_price) VALUES (349, 128, 24, 3, 3096.92);
INSERT INTO Order_Items (item_id, order_id, product_id, quantity, unit_price) VALUES (350, 128, 44, 2, 355.82);
INSERT INTO Order_Items (item_id, order_id, product_id, quantity, unit_price) VALUES (351, 129, 33, 1, 4692.39);
INSERT INTO Order_Items (item_id, order_id, product_id, quantity, unit_price) VALUES (352, 129, 42, 2, 3118.24);
INSERT INTO Order_Items (item_id, order_id, product_id, quantity, unit_price) VALUES (353, 130, 1, 3, 1325.71);
INSERT INTO Order_Items (item_id, order_id, product_id, quantity, unit_price) VALUES (354, 130, 30, 2, 2523.96);
INSERT INTO Order_Items (item_id, order_id, product_id, quantity, unit_price) VALUES (355, 130, 39, 2, 3814.07);
INSERT INTO Order_Items (item_id, order_id, product_id, quantity, unit_price) VALUES (356, 130, 50, 2, 4325.77);
INSERT INTO Order_Items (item_id, order_id, product_id, quantity, unit_price) VALUES (357, 130, 11, 1, 2793.91);
INSERT INTO Order_Items (item_id, order_id, product_id, quantity, unit_price) VALUES (358, 131, 20, 3, 4709.14);
INSERT INTO Order_Items (item_id, order_id, product_id, quantity, unit_price) VALUES (359, 131, 31, 2, 2686.0);
INSERT INTO Order_Items (item_id, order_id, product_id, quantity, unit_price) VALUES (360, 132, 15, 1, 4493.46);
INSERT INTO Order_Items (item_id, order_id, product_id, quantity, unit_price) VALUES (361, 132, 7, 1, 4297.25);
INSERT INTO Order_Items (item_id, order_id, product_id, quantity, unit_price) VALUES (362, 132, 6, 1, 2869.55);
INSERT INTO Order_Items (item_id, order_id, product_id, quantity, unit_price) VALUES (363, 132, 4, 1, 3763.59);
INSERT INTO Order_Items (item_id, order_id, product_id, quantity, unit_price) VALUES (364, 133, 16, 3, 4641.34);
INSERT INTO Order_Items (item_id, order_id, product_id, quantity, unit_price) VALUES (365, 134, 48, 1, 4009.85);
INSERT INTO Order_Items (item_id, order_id, product_id, quantity, unit_price) VALUES (366, 134, 22, 1, 4913.48);
INSERT INTO Order_Items (item_id, order_id, product_id, quantity, unit_price) VALUES (367, 134, 22, 3, 4334.88);
INSERT INTO Order_Items (item_id, order_id, product_id, quantity, unit_price) VALUES (368, 135, 38, 2, 959.63);
INSERT INTO Order_Items (item_id, order_id, product_id, quantity, unit_price) VALUES (369, 136, 8, 1, 329.01);
INSERT INTO Order_Items (item_id, order_id, product_id, quantity, unit_price) VALUES (370, 136, 27, 3, 3254.48);
INSERT INTO Order_Items (item_id, order_id, product_id, quantity, unit_price) VALUES (371, 136, 31, 2, 1460.64);
INSERT INTO Order_Items (item_id, order_id, product_id, quantity, unit_price) VALUES (372, 137, 9, 1, 4271.84);
INSERT INTO Order_Items (item_id, order_id, product_id, quantity, unit_price) VALUES (373, 138, 32, 2, 513.41);
INSERT INTO Order_Items (item_id, order_id, product_id, quantity, unit_price) VALUES (374, 138, 41, 3, 1941.87);
INSERT INTO Order_Items (item_id, order_id, product_id, quantity, unit_price) VALUES (375, 138, 43, 3, 2070.66);
INSERT INTO Order_Items (item_id, order_id, product_id, quantity, unit_price) VALUES (376, 138, 9, 3, 1764.26);
INSERT INTO Order_Items (item_id, order_id, product_id, quantity, unit_price) VALUES (377, 138, 10, 3, 2668.79);
INSERT INTO Order_Items (item_id, order_id, product_id, quantity, unit_price) VALUES (378, 139, 46, 1, 151.16);
INSERT INTO Order_Items (item_id, order_id, product_id, quantity, unit_price) VALUES (379, 139, 9, 1, 3831.24);
INSERT INTO Order_Items (item_id, order_id, product_id, quantity, unit_price) VALUES (380, 139, 16, 1, 3788.32);
INSERT INTO Order_Items (item_id, order_id, product_id, quantity, unit_price) VALUES (381, 139, 10, 3, 4851.45);
INSERT INTO Order_Items (item_id, order_id, product_id, quantity, unit_price) VALUES (382, 140, 22, 3, 1230.03);
INSERT INTO Order_Items (item_id, order_id, product_id, quantity, unit_price) VALUES (383, 140, 11, 1, 1927.97);
INSERT INTO Order_Items (item_id, order_id, product_id, quantity, unit_price) VALUES (384, 140, 22, 3, 1073.91);
INSERT INTO Order_Items (item_id, order_id, product_id, quantity, unit_price) VALUES (385, 141, 34, 1, 1750.11);
INSERT INTO Order_Items (item_id, order_id, product_id, quantity, unit_price) VALUES (386, 141, 36, 1, 3482.24);
INSERT INTO Order_Items (item_id, order_id, product_id, quantity, unit_price) VALUES (387, 142, 47, 3, 2801.4);
INSERT INTO Order_Items (item_id, order_id, product_id, quantity, unit_price) VALUES (388, 142, 8, 2, 3645.74);
INSERT INTO Order_Items (item_id, order_id, product_id, quantity, unit_price) VALUES (389, 142, 11, 3, 1352.26);
INSERT INTO Order_Items (item_id, order_id, product_id, quantity, unit_price) VALUES (390, 142, 23, 1, 2982.78);
INSERT INTO Order_Items (item_id, order_id, product_id, quantity, unit_price) VALUES (391, 142, 16, 2, 1227.7);
INSERT INTO Order_Items (item_id, order_id, product_id, quantity, unit_price) VALUES (392, 143, 6, 2, 3530.71);
INSERT INTO Order_Items (item_id, order_id, product_id, quantity, unit_price) VALUES (393, 143, 24, 2, 572.72);
INSERT INTO Order_Items (item_id, order_id, product_id, quantity, unit_price) VALUES (394, 143, 3, 3, 2586.03);
INSERT INTO Order_Items (item_id, order_id, product_id, quantity, unit_price) VALUES (395, 143, 24, 2, 4796.69);
INSERT INTO Order_Items (item_id, order_id, product_id, quantity, unit_price) VALUES (396, 143, 15, 2, 2407.04);
INSERT INTO Order_Items (item_id, order_id, product_id, quantity, unit_price) VALUES (397, 144, 32, 1, 1016.56);
INSERT INTO Order_Items (item_id, order_id, product_id, quantity, unit_price) VALUES (398, 144, 20, 3, 4246.64);
INSERT INTO Order_Items (item_id, order_id, product_id, quantity, unit_price) VALUES (399, 144, 2, 1, 3378.17);
INSERT INTO Order_Items (item_id, order_id, product_id, quantity, unit_price) VALUES (400, 144, 6, 1, 809.84);
INSERT INTO Order_Items (item_id, order_id, product_id, quantity, unit_price) VALUES (401, 144, 24, 1, 1585.88);
INSERT INTO Order_Items (item_id, order_id, product_id, quantity, unit_price) VALUES (402, 145, 23, 3, 1653.04);
INSERT INTO Order_Items (item_id, order_id, product_id, quantity, unit_price) VALUES (403, 145, 6, 1, 2612.55);
INSERT INTO Order_Items (item_id, order_id, product_id, quantity, unit_price) VALUES (404, 146, 6, 1, 724.27);
INSERT INTO Order_Items (item_id, order_id, product_id, quantity, unit_price) VALUES (405, 146, 29, 2, 3964.9);
INSERT INTO Order_Items (item_id, order_id, product_id, quantity, unit_price) VALUES (406, 146, 32, 2, 4845.52);
INSERT INTO Order_Items (item_id, order_id, product_id, quantity, unit_price) VALUES (407, 146, 22, 1, 1411.09);
INSERT INTO Order_Items (item_id, order_id, product_id, quantity, unit_price) VALUES (408, 147, 43, 2, 2602.79);
INSERT INTO Order_Items (item_id, order_id, product_id, quantity, unit_price) VALUES (409, 147, 9, 1, 1705.43);
INSERT INTO Order_Items (item_id, order_id, product_id, quantity, unit_price) VALUES (410, 147, 47, 3, 1475.71);
INSERT INTO Order_Items (item_id, order_id, product_id, quantity, unit_price) VALUES (411, 148, 2, 1, 516.2);
INSERT INTO Order_Items (item_id, order_id, product_id, quantity, unit_price) VALUES (412, 148, 15, 3, 3784.55);
INSERT INTO Order_Items (item_id, order_id, product_id, quantity, unit_price) VALUES (413, 148, 10, 3, 2187.4);
INSERT INTO Order_Items (item_id, order_id, product_id, quantity, unit_price) VALUES (414, 149, 12, 3, 4205.08);
INSERT INTO Order_Items (item_id, order_id, product_id, quantity, unit_price) VALUES (415, 149, 21, 2, 760.97);
INSERT INTO Order_Items (item_id, order_id, product_id, quantity, unit_price) VALUES (416, 149, 23, 3, 4768.13);
INSERT INTO Order_Items (item_id, order_id, product_id, quantity, unit_price) VALUES (417, 149, 24, 3, 4095.83);
INSERT INTO Order_Items (item_id, order_id, product_id, quantity, unit_price) VALUES (418, 149, 28, 1, 395.59);
INSERT INTO Order_Items (item_id, order_id, product_id, quantity, unit_price) VALUES (419, 150, 1, 1, 3943.51);
INSERT INTO Order_Items (item_id, order_id, product_id, quantity, unit_price) VALUES (420, 150, 8, 2, 3207.77);
INSERT INTO Order_Items (item_id, order_id, product_id, quantity, unit_price) VALUES (421, 151, 39, 1, 3313.5);
INSERT INTO Order_Items (item_id, order_id, product_id, quantity, unit_price) VALUES (422, 151, 7, 3, 3752.3);
INSERT INTO Order_Items (item_id, order_id, product_id, quantity, unit_price) VALUES (423, 152, 33, 1, 3166.93);
INSERT INTO Order_Items (item_id, order_id, product_id, quantity, unit_price) VALUES (424, 152, 40, 2, 4860.92);
INSERT INTO Order_Items (item_id, order_id, product_id, quantity, unit_price) VALUES (425, 153, 4, 2, 4701.3);
INSERT INTO Order_Items (item_id, order_id, product_id, quantity, unit_price) VALUES (426, 153, 13, 1, 3184.04);
INSERT INTO Order_Items (item_id, order_id, product_id, quantity, unit_price) VALUES (427, 153, 27, 3, 673.66);
INSERT INTO Order_Items (item_id, order_id, product_id, quantity, unit_price) VALUES (428, 153, 25, 3, 2650.0);
INSERT INTO Order_Items (item_id, order_id, product_id, quantity, unit_price) VALUES (429, 154, 50, 2, 1455.68);
INSERT INTO Order_Items (item_id, order_id, product_id, quantity, unit_price) VALUES (430, 155, 22, 2, 2190.17);
INSERT INTO Order_Items (item_id, order_id, product_id, quantity, unit_price) VALUES (431, 155, 2, 1, 3086.65);
INSERT INTO Order_Items (item_id, order_id, product_id, quantity, unit_price) VALUES (432, 155, 25, 1, 2654.52);
INSERT INTO Order_Items (item_id, order_id, product_id, quantity, unit_price) VALUES (433, 155, 22, 3, 4872.24);
INSERT INTO Order_Items (item_id, order_id, product_id, quantity, unit_price) VALUES (434, 156, 28, 1, 2302.85);
INSERT INTO Order_Items (item_id, order_id, product_id, quantity, unit_price) VALUES (435, 156, 32, 3, 392.21);
INSERT INTO Order_Items (item_id, order_id, product_id, quantity, unit_price) VALUES (436, 156, 39, 3, 2114.85);
INSERT INTO Order_Items (item_id, order_id, product_id, quantity, unit_price) VALUES (437, 156, 39, 3, 1781.82);
INSERT INTO Order_Items (item_id, order_id, product_id, quantity, unit_price) VALUES (438, 156, 19, 1, 2023.71);
INSERT INTO Order_Items (item_id, order_id, product_id, quantity, unit_price) VALUES (439, 157, 31, 2, 193.12);
INSERT INTO Order_Items (item_id, order_id, product_id, quantity, unit_price) VALUES (440, 157, 35, 2, 1042.74);
INSERT INTO Order_Items (item_id, order_id, product_id, quantity, unit_price) VALUES (441, 158, 11, 3, 2158.64);
INSERT INTO Order_Items (item_id, order_id, product_id, quantity, unit_price) VALUES (442, 159, 6, 2, 1475.87);
INSERT INTO Order_Items (item_id, order_id, product_id, quantity, unit_price) VALUES (443, 159, 1, 2, 1942.19);
INSERT INTO Order_Items (item_id, order_id, product_id, quantity, unit_price) VALUES (444, 159, 43, 2, 4005.58);
INSERT INTO Order_Items (item_id, order_id, product_id, quantity, unit_price) VALUES (445, 159, 47, 3, 777.45);
INSERT INTO Order_Items (item_id, order_id, product_id, quantity, unit_price) VALUES (446, 159, 32, 3, 900.13);
INSERT INTO Order_Items (item_id, order_id, product_id, quantity, unit_price) VALUES (447, 160, 36, 1, 3609.49);
INSERT INTO Order_Items (item_id, order_id, product_id, quantity, unit_price) VALUES (448, 160, 20, 3, 1932.57);
INSERT INTO Order_Items (item_id, order_id, product_id, quantity, unit_price) VALUES (449, 160, 15, 3, 224.05);
INSERT INTO Order_Items (item_id, order_id, product_id, quantity, unit_price) VALUES (450, 161, 9, 1, 874.1);
INSERT INTO Order_Items (item_id, order_id, product_id, quantity, unit_price) VALUES (451, 161, 7, 3, 4059.51);
INSERT INTO Order_Items (item_id, order_id, product_id, quantity, unit_price) VALUES (452, 162, 3, 3, 4185.63);
INSERT INTO Order_Items (item_id, order_id, product_id, quantity, unit_price) VALUES (453, 162, 30, 2, 765.27);
INSERT INTO Order_Items (item_id, order_id, product_id, quantity, unit_price) VALUES (454, 162, 37, 1, 4661.98);
INSERT INTO Order_Items (item_id, order_id, product_id, quantity, unit_price) VALUES (455, 162, 49, 2, 4980.55);
INSERT INTO Order_Items (item_id, order_id, product_id, quantity, unit_price) VALUES (456, 163, 2, 1, 2298.02);
INSERT INTO Order_Items (item_id, order_id, product_id, quantity, unit_price) VALUES (457, 163, 19, 2, 1247.99);
INSERT INTO Order_Items (item_id, order_id, product_id, quantity, unit_price) VALUES (458, 163, 9, 1, 2591.62);
INSERT INTO Order_Items (item_id, order_id, product_id, quantity, unit_price) VALUES (459, 164, 49, 1, 3259.51);
INSERT INTO Order_Items (item_id, order_id, product_id, quantity, unit_price) VALUES (460, 164, 20, 1, 4445.05);
INSERT INTO Order_Items (item_id, order_id, product_id, quantity, unit_price) VALUES (461, 164, 16, 3, 1996.22);
INSERT INTO Order_Items (item_id, order_id, product_id, quantity, unit_price) VALUES (462, 164, 8, 3, 4496.95);
INSERT INTO Order_Items (item_id, order_id, product_id, quantity, unit_price) VALUES (463, 164, 30, 2, 4616.06);
INSERT INTO Order_Items (item_id, order_id, product_id, quantity, unit_price) VALUES (464, 165, 29, 2, 156.31);
INSERT INTO Order_Items (item_id, order_id, product_id, quantity, unit_price) VALUES (465, 165, 24, 3, 1687.1);
INSERT INTO Order_Items (item_id, order_id, product_id, quantity, unit_price) VALUES (466, 165, 6, 3, 1459.3);
INSERT INTO Order_Items (item_id, order_id, product_id, quantity, unit_price) VALUES (467, 165, 15, 3, 4715.6);
INSERT INTO Order_Items (item_id, order_id, product_id, quantity, unit_price) VALUES (468, 166, 36, 2, 381.49);
INSERT INTO Order_Items (item_id, order_id, product_id, quantity, unit_price) VALUES (469, 166, 50, 2, 2503.23);
INSERT INTO Order_Items (item_id, order_id, product_id, quantity, unit_price) VALUES (470, 166, 46, 1, 4529.49);
INSERT INTO Order_Items (item_id, order_id, product_id, quantity, unit_price) VALUES (471, 167, 48, 2, 1065.79);
INSERT INTO Order_Items (item_id, order_id, product_id, quantity, unit_price) VALUES (472, 167, 11, 3, 1955.16);
INSERT INTO Order_Items (item_id, order_id, product_id, quantity, unit_price) VALUES (473, 167, 20, 1, 678.29);
INSERT INTO Order_Items (item_id, order_id, product_id, quantity, unit_price) VALUES (474, 167, 12, 2, 921.06);
INSERT INTO Order_Items (item_id, order_id, product_id, quantity, unit_price) VALUES (475, 167, 46, 1, 2766.04);
INSERT INTO Order_Items (item_id, order_id, product_id, quantity, unit_price) VALUES (476, 168, 16, 2, 881.91);
INSERT INTO Order_Items (item_id, order_id, product_id, quantity, unit_price) VALUES (477, 168, 29, 1, 4790.66);
INSERT INTO Order_Items (item_id, order_id, product_id, quantity, unit_price) VALUES (478, 168, 37, 3, 2996.32);
INSERT INTO Order_Items (item_id, order_id, product_id, quantity, unit_price) VALUES (479, 168, 44, 2, 583.19);
INSERT INTO Order_Items (item_id, order_id, product_id, quantity, unit_price) VALUES (480, 168, 43, 1, 457.28);
INSERT INTO Order_Items (item_id, order_id, product_id, quantity, unit_price) VALUES (481, 169, 44, 2, 578.46);
INSERT INTO Order_Items (item_id, order_id, product_id, quantity, unit_price) VALUES (482, 170, 24, 1, 382.0);
INSERT INTO Order_Items (item_id, order_id, product_id, quantity, unit_price) VALUES (483, 170, 22, 1, 3711.94);
INSERT INTO Order_Items (item_id, order_id, product_id, quantity, unit_price) VALUES (484, 170, 25, 2, 1227.48);
INSERT INTO Order_Items (item_id, order_id, product_id, quantity, unit_price) VALUES (485, 170, 10, 1, 1526.86);
INSERT INTO Order_Items (item_id, order_id, product_id, quantity, unit_price) VALUES (486, 171, 45, 1, 2790.16);
INSERT INTO Order_Items (item_id, order_id, product_id, quantity, unit_price) VALUES (487, 171, 26, 1, 3412.04);
INSERT INTO Order_Items (item_id, order_id, product_id, quantity, unit_price) VALUES (488, 172, 7, 1, 1063.07);
INSERT INTO Order_Items (item_id, order_id, product_id, quantity, unit_price) VALUES (489, 172, 1, 3, 4154.54);
INSERT INTO Order_Items (item_id, order_id, product_id, quantity, unit_price) VALUES (490, 172, 9, 1, 4931.94);
INSERT INTO Order_Items (item_id, order_id, product_id, quantity, unit_price) VALUES (491, 172, 8, 1, 352.02);
INSERT INTO Order_Items (item_id, order_id, product_id, quantity, unit_price) VALUES (492, 173, 41, 1, 369.85);
INSERT INTO Order_Items (item_id, order_id, product_id, quantity, unit_price) VALUES (493, 173, 28, 1, 3760.85);
INSERT INTO Order_Items (item_id, order_id, product_id, quantity, unit_price) VALUES (494, 174, 39, 1, 3053.41);
INSERT INTO Order_Items (item_id, order_id, product_id, quantity, unit_price) VALUES (495, 175, 35, 3, 383.91);
INSERT INTO Order_Items (item_id, order_id, product_id, quantity, unit_price) VALUES (496, 175, 1, 2, 510.88);
INSERT INTO Order_Items (item_id, order_id, product_id, quantity, unit_price) VALUES (497, 176, 23, 1, 4454.87);
INSERT INTO Order_Items (item_id, order_id, product_id, quantity, unit_price) VALUES (498, 176, 35, 2, 1275.02);
INSERT INTO Order_Items (item_id, order_id, product_id, quantity, unit_price) VALUES (499, 177, 36, 2, 2297.4);
INSERT INTO Order_Items (item_id, order_id, product_id, quantity, unit_price) VALUES (500, 177, 10, 3, 3819.0);
INSERT INTO Order_Items (item_id, order_id, product_id, quantity, unit_price) VALUES (501, 177, 3, 1, 4067.27);
INSERT INTO Order_Items (item_id, order_id, product_id, quantity, unit_price) VALUES (502, 178, 34, 2, 4737.61);
INSERT INTO Order_Items (item_id, order_id, product_id, quantity, unit_price) VALUES (503, 178, 1, 3, 1546.69);
INSERT INTO Order_Items (item_id, order_id, product_id, quantity, unit_price) VALUES (504, 178, 11, 1, 4808.27);
INSERT INTO Order_Items (item_id, order_id, product_id, quantity, unit_price) VALUES (505, 178, 41, 2, 1182.08);
INSERT INTO Order_Items (item_id, order_id, product_id, quantity, unit_price) VALUES (506, 178, 50, 1, 4175.28);
INSERT INTO Order_Items (item_id, order_id, product_id, quantity, unit_price) VALUES (507, 179, 38, 1, 2488.23);
INSERT INTO Order_Items (item_id, order_id, product_id, quantity, unit_price) VALUES (508, 179, 48, 1, 3928.44);
INSERT INTO Order_Items (item_id, order_id, product_id, quantity, unit_price) VALUES (509, 179, 34, 3, 4779.69);
INSERT INTO Order_Items (item_id, order_id, product_id, quantity, unit_price) VALUES (510, 180, 50, 3, 2222.37);
INSERT INTO Order_Items (item_id, order_id, product_id, quantity, unit_price) VALUES (511, 180, 41, 3, 4961.25);
INSERT INTO Order_Items (item_id, order_id, product_id, quantity, unit_price) VALUES (512, 180, 1, 3, 4588.61);
INSERT INTO Order_Items (item_id, order_id, product_id, quantity, unit_price) VALUES (513, 180, 23, 2, 2654.24);
INSERT INTO Order_Items (item_id, order_id, product_id, quantity, unit_price) VALUES (514, 180, 23, 3, 527.42);
INSERT INTO Order_Items (item_id, order_id, product_id, quantity, unit_price) VALUES (515, 181, 1, 2, 3175.87);
INSERT INTO Order_Items (item_id, order_id, product_id, quantity, unit_price) VALUES (516, 181, 10, 1, 4339.5);
INSERT INTO Order_Items (item_id, order_id, product_id, quantity, unit_price) VALUES (517, 181, 28, 3, 4262.02);
INSERT INTO Order_Items (item_id, order_id, product_id, quantity, unit_price) VALUES (518, 181, 15, 2, 101.56);
INSERT INTO Order_Items (item_id, order_id, product_id, quantity, unit_price) VALUES (519, 181, 7, 2, 4624.47);
INSERT INTO Order_Items (item_id, order_id, product_id, quantity, unit_price) VALUES (520, 182, 48, 2, 1878.08);
INSERT INTO Order_Items (item_id, order_id, product_id, quantity, unit_price) VALUES (521, 182, 32, 2, 1036.72);
INSERT INTO Order_Items (item_id, order_id, product_id, quantity, unit_price) VALUES (522, 182, 30, 2, 3118.2);
INSERT INTO Order_Items (item_id, order_id, product_id, quantity, unit_price) VALUES (523, 183, 15, 1, 309.46);
INSERT INTO Order_Items (item_id, order_id, product_id, quantity, unit_price) VALUES (524, 183, 19, 3, 4746.46);
INSERT INTO Order_Items (item_id, order_id, product_id, quantity, unit_price) VALUES (525, 183, 26, 3, 4873.96);
INSERT INTO Order_Items (item_id, order_id, product_id, quantity, unit_price) VALUES (526, 183, 49, 3, 388.44);
INSERT INTO Order_Items (item_id, order_id, product_id, quantity, unit_price) VALUES (527, 183, 42, 3, 2370.92);
INSERT INTO Order_Items (item_id, order_id, product_id, quantity, unit_price) VALUES (528, 184, 39, 1, 3298.68);
INSERT INTO Order_Items (item_id, order_id, product_id, quantity, unit_price) VALUES (529, 185, 48, 2, 902.37);
INSERT INTO Order_Items (item_id, order_id, product_id, quantity, unit_price) VALUES (530, 186, 38, 2, 992.21);
INSERT INTO Order_Items (item_id, order_id, product_id, quantity, unit_price) VALUES (531, 187, 26, 1, 1425.43);
INSERT INTO Order_Items (item_id, order_id, product_id, quantity, unit_price) VALUES (532, 187, 41, 3, 4658.72);
INSERT INTO Order_Items (item_id, order_id, product_id, quantity, unit_price) VALUES (533, 187, 32, 1, 1431.98);
INSERT INTO Order_Items (item_id, order_id, product_id, quantity, unit_price) VALUES (534, 188, 47, 3, 3357.53);
INSERT INTO Order_Items (item_id, order_id, product_id, quantity, unit_price) VALUES (535, 188, 18, 1, 4305.74);
INSERT INTO Order_Items (item_id, order_id, product_id, quantity, unit_price) VALUES (536, 188, 7, 1, 4237.7);
INSERT INTO Order_Items (item_id, order_id, product_id, quantity, unit_price) VALUES (537, 188, 19, 1, 4359.61);
INSERT INTO Order_Items (item_id, order_id, product_id, quantity, unit_price) VALUES (538, 188, 17, 3, 3685.63);
INSERT INTO Order_Items (item_id, order_id, product_id, quantity, unit_price) VALUES (539, 189, 31, 3, 1183.99);
INSERT INTO Order_Items (item_id, order_id, product_id, quantity, unit_price) VALUES (540, 189, 25, 1, 1582.07);
INSERT INTO Order_Items (item_id, order_id, product_id, quantity, unit_price) VALUES (541, 189, 13, 3, 1288.88);
INSERT INTO Order_Items (item_id, order_id, product_id, quantity, unit_price) VALUES (542, 190, 20, 1, 3433.4);
INSERT INTO Order_Items (item_id, order_id, product_id, quantity, unit_price) VALUES (543, 190, 42, 1, 546.58);
INSERT INTO Order_Items (item_id, order_id, product_id, quantity, unit_price) VALUES (544, 190, 21, 1, 1050.62);
INSERT INTO Order_Items (item_id, order_id, product_id, quantity, unit_price) VALUES (545, 190, 19, 2, 3066.31);
INSERT INTO Order_Items (item_id, order_id, product_id, quantity, unit_price) VALUES (546, 190, 50, 2, 3517.33);
INSERT INTO Order_Items (item_id, order_id, product_id, quantity, unit_price) VALUES (547, 191, 47, 2, 1509.38);
INSERT INTO Order_Items (item_id, order_id, product_id, quantity, unit_price) VALUES (548, 191, 2, 1, 2502.84);
INSERT INTO Order_Items (item_id, order_id, product_id, quantity, unit_price) VALUES (549, 192, 41, 1, 3554.48);
INSERT INTO Order_Items (item_id, order_id, product_id, quantity, unit_price) VALUES (550, 192, 20, 2, 880.08);
INSERT INTO Order_Items (item_id, order_id, product_id, quantity, unit_price) VALUES (551, 192, 7, 3, 2447.96);
INSERT INTO Order_Items (item_id, order_id, product_id, quantity, unit_price) VALUES (552, 192, 18, 3, 1801.04);
INSERT INTO Order_Items (item_id, order_id, product_id, quantity, unit_price) VALUES (553, 192, 1, 3, 4215.0);
INSERT INTO Order_Items (item_id, order_id, product_id, quantity, unit_price) VALUES (554, 193, 22, 1, 1794.04);
INSERT INTO Order_Items (item_id, order_id, product_id, quantity, unit_price) VALUES (555, 193, 44, 2, 3320.71);
INSERT INTO Order_Items (item_id, order_id, product_id, quantity, unit_price) VALUES (556, 193, 48, 3, 2244.89);
INSERT INTO Order_Items (item_id, order_id, product_id, quantity, unit_price) VALUES (557, 193, 18, 2, 1374.84);
INSERT INTO Order_Items (item_id, order_id, product_id, quantity, unit_price) VALUES (558, 193, 30, 2, 2019.85);
INSERT INTO Order_Items (item_id, order_id, product_id, quantity, unit_price) VALUES (559, 194, 41, 1, 4385.8);
INSERT INTO Order_Items (item_id, order_id, product_id, quantity, unit_price) VALUES (560, 194, 34, 1, 2189.08);
INSERT INTO Order_Items (item_id, order_id, product_id, quantity, unit_price) VALUES (561, 194, 25, 3, 3114.52);
INSERT INTO Order_Items (item_id, order_id, product_id, quantity, unit_price) VALUES (562, 195, 18, 1, 1900.17);
INSERT INTO Order_Items (item_id, order_id, product_id, quantity, unit_price) VALUES (563, 195, 26, 2, 704.14);
INSERT INTO Order_Items (item_id, order_id, product_id, quantity, unit_price) VALUES (564, 195, 19, 1, 303.32);
INSERT INTO Order_Items (item_id, order_id, product_id, quantity, unit_price) VALUES (565, 195, 7, 1, 4979.81);
INSERT INTO Order_Items (item_id, order_id, product_id, quantity, unit_price) VALUES (566, 196, 11, 3, 4013.54);
INSERT INTO Order_Items (item_id, order_id, product_id, quantity, unit_price) VALUES (567, 197, 36, 1, 529.72);
INSERT INTO Order_Items (item_id, order_id, product_id, quantity, unit_price) VALUES (568, 197, 46, 3, 1286.17);
INSERT INTO Order_Items (item_id, order_id, product_id, quantity, unit_price) VALUES (569, 197, 26, 3, 1345.76);
INSERT INTO Order_Items (item_id, order_id, product_id, quantity, unit_price) VALUES (570, 198, 28, 1, 3279.73);
INSERT INTO Order_Items (item_id, order_id, product_id, quantity, unit_price) VALUES (571, 198, 40, 1, 2533.92);
INSERT INTO Order_Items (item_id, order_id, product_id, quantity, unit_price) VALUES (572, 198, 26, 1, 1672.33);
INSERT INTO Order_Items (item_id, order_id, product_id, quantity, unit_price) VALUES (573, 198, 12, 2, 3943.7);
INSERT INTO Order_Items (item_id, order_id, product_id, quantity, unit_price) VALUES (574, 199, 9, 2, 4853.29);
INSERT INTO Order_Items (item_id, order_id, product_id, quantity, unit_price) VALUES (575, 200, 23, 1, 2150.58);
INSERT INTO Order_Items (item_id, order_id, product_id, quantity, unit_price) VALUES (576, 200, 40, 3, 2460.62);
INSERT INTO Order_Items (item_id, order_id, product_id, quantity, unit_price) VALUES (577, 200, 37, 2, 2589.1);
INSERT INTO Order_Items (item_id, order_id, product_id, quantity, unit_price) VALUES (578, 200, 12, 1, 1677.38);
INSERT INTO Order_Items (item_id, order_id, product_id, quantity, unit_price) VALUES (579, 200, 35, 3, 4878.88);
